name,gender,IPA,IPA_stress,counts,n_syllables
Mary,F,'mɛ riː,10,9889,2
John,M,'ʤɑn,1,9026,1
William,M,'wɪl jəm,10,8252,2
James,M,'ʤeɪmz,1,5355,1
George,M,'ʤɔːrʤ,1,4671,1
Charles,M,'ʧɑrlz,1,4533,1
Anna,F,'æ nʌ,10,4283,2
Frank,M,'fræŋk,1,3127,1
Emma,F,'ɛ mə,10,2764,2
Elizabeth,F,ɪ 'lɪ zʌ bəθ,0100,2680,4
Joseph,M,'ʤoʊ səf,10,2594,2
Robert,M,'rɑ bɛːt,10,2443,2
Henry,M,'hɛn riː,10,2404,2
Minnie,F,'mɪ niː,10,2372,2
Thomas,M,'tɑ məs,10,2337,2
Edward,M,'ɛ dwɛːd,10,2312,2
Margaret,F,'mɑr gɛː ɪt,100,2275,3
Harry,M,'hɛ riː,10,2257,2
Ida,F,'aɪ də,10,2049,2
Bertha,F,'bɛː θə,10,2001,2
Clara,F,'klæ rə,10,1916,2
Walter,M,'wɔːl tɛː,10,1880,2
Florence,F,'flɔː rəns,10,1860,2
Alice,F,'æ ləs,10,1811,2
Bessie,F,'bɛ siː,10,1791,2
Annie,F,'æ niː,10,1765,2
Grace,F,'greɪs,1,1723,1
Ethel,F,'ɛ θəl,10,1699,2
Arthur,M,'ɑr θɛː,10,1656,2
Fred,M,'frɛd,1,1599,1
Sarah,F,'sɛ rə,10,1569,2
Nellie,F,'nɛ liː,10,1492,2
Martha,F,'mɑr θə,10,1491,2
Albert,M,'æl bɛːt,10,1488,2
Ella,F,'ɛ lə,10,1464,2
Mabel,F,'meɪ bəl,10,1422,2
Carrie,F,'kɛ riː,10,1396,2
Laura,F,'lɔː rə,10,1372,2
Edna,F,'ɛd nʌ,10,1314,2
Lillian,F,'lɪ liː ən,100,1282,3
Helen,F,'hɛ lən,10,1267,2
Rose,F,'roʊz,1,1261,1
Gertrude,F,'gɛː truːd,10,1249,2
Cora,F,'kɔː rə,10,1231,2
Pearl,F,'pɛːl,1,1204,1
Maude,F,'mɔːd,1,1189,1
Edith,F,'iː dɪθ,10,1184,2
Eva,F,'eɪ və,10,1155,2
Hattie,F,'hæ tiː,10,1139,2
Jennie,F,'ʤɛ niː,10,1100,2
Myrtle,F,'mɛː təl,10,1094,2
Louise,F,luː 'iːz,01,1061,2
Julia,F,'ʤuːl jʌ,10,1061,2
Frances,F,'fræn sɪs,10,1059,2
Mattie,F,'mæ tiː,10,1044,2
Lula,F,'luː lə,10,1040,2
Jessie,F,'ʤɛ siː,10,1003,2
Lillie,F,'lɪ liː,10,995,2
Clarence,M,'klɛ rəns,10,995,2
Lena,F,'liː nʌ,10,992,2
Marie,F,mɛː 'iː,01,988,2
Catherine,F,'kæ θɛː ən,100,916,3
Ada,F,'eɪ də,10,915,2
Samuel,M,'sæ mjuːl,10,870,2
Louis,M,'luː ɪs,10,846,2
Josephine,F,'ʤoʊ sə `fiːn,101,844,3
Fannie,F,'fæ niː,10,837,2
Dora,F,'dɔː rə,10,827,2
Lucy,F,'luː siː,10,817,2
Blanche,F,'blænʧ,1,787,1
Agnes,F,'æg nɪs,10,779,2
Roy,M,'rɔɪ,1,767,1
Joe,M,'ʤoʊ,1,759,1
Maggie,F,'mæ giː,10,756,2
Katherine,F,'kæ θɛː ɪn,100,744,3
Charlie,M,'ʧɑr liː,10,723,2
Richard,M,'rɪ ʧɛːd,10,720,2
Mamie,F,'meɪ miː,10,712,2
Nora,F,'nɔː rə,10,708,2
Stella,F,'stɛ lə,10,702,2
Elsie,F,'ɛl siː,10,698,2
David,M,'deɪ vɪd,10,674,2
Rosa,F,'roʊ zʌ,10,673,2
Effie,F,'ɛ fiː,10,672,2
Ernest,M,'ɛː nəst,10,668,2
Oscar,M,'ɔː skɛː,10,645,2
Will,M,wɪl,0,642,1
Mae,F,'meɪ,1,641,1
Willie,M,'wɪ liː,10,641,2
Jesse,M,'ʤɛ siː,10,614,2
Andrew,M,'æn druː,10,614,2
Alma,F,'æl mə,10,603,2
Daisy,F,'deɪ ziː,10,602,2
May,F,meɪ,0,602,1
Nettie,F,'nɛ tiː,10,591,2
Ruth,F,'ruːθ,1,581,1
Earl,M,'ɛːl,1,570,1
Della,F,'dɛ lə,10,565,2
Sadie,F,'sæ diː,10,562,2
Susie,F,'suː ziː,10,559,2
Carl,M,'kɑrl,1,556,1
Daniel,M,'dæ njəl,10,555,2
Ellen,F,'ɛ lən,10,551,2
Sam,M,'sæm,1,519,1
Lizzie,F,'lɪ ziː,10,512,2
Nancy,F,'næn siː,10,492,2
Sallie,F,'sæ liː,10,490,2
Elmer,M,'ɛl mɛː,10,485,2
Alfred,M,'æl frəd,10,480,2
Maud,F,'mɔːd,1,478,1
Howard,M,'haʊ ɛːd,10,467,2
Paul,M,'pɔːl,1,466,1
Benjamin,M,'bɛn ʤə mən,100,463,3
Frederick,M,'frɛ drɪk,10,461,2
Lottie,F,'lɑ tiː,10,450,2
Flora,F,'flɔː rə,10,443,2
Ralph,M,'rælf,1,440,1
Viola,F,vaɪ 'oʊ lə,010,440,3
Irene,F,aɪ 'riːn,01,437,2
Peter,M,'piː tɛː,10,437,2
Etta,F,'ɛ tʌ,10,433,2
Lewis,M,'luː ɪs,10,431,2
Katie,F,'keɪ tiː,10,431,2
Hazel,F,'heɪ zəl,10,429,2
Mollie,F,'mɑ liː,10,421,2
Herman,M,'hɛː mən,10,418,2
Addie,F,'æ diː,10,417,2
Grover,M,'groʊ vɛː,10,407,2
Olive,F,'ɑ lʌv,10,404,2
Herbert,M,'hɛː bɛːt,10,400,2
Lee,M,'liː,1,399,1
Esther,F,'ɛ stɛː,10,396,2
Georgia,F,'ʤɔːr ʤə,10,395,2
Lydia,F,'lɪ diː ə,100,392,3
Claude,M,'klɔːd,1,391,1
Jim,M,'ʤɪm,1,389,1
Willie,F,'wɪ liː,10,388,2
Kathryn,F,'kæ θrɪn,10,383,2
Tom,M,'tɑm,1,383,1
Lulu,F,'luː `luː,11,376,2
Amanda,F,ə 'mæn də,010,370,3
Caroline,F,'kɛ rə `laɪn,101,370,3
Emily,F,'ɛ mɪ liː,100,369,3
Charlotte,F,'ʃɑr lət,10,368,2
Eugene,M,juː 'ʤiːn,01,362,2
Rebecca,F,rə 'bɛ kə,010,355,3
Virginia,F,vɛː 'ʤɪ njə,010,353,3
Raymond,M,'reɪ mənd,10,353,2
Michael,M,'maɪ kəl,10,348,2
Jacob,M,'ʤeɪ kəb,10,346,2
Beulah,F,'bjuː lə,10,345,2
Francis,M,'fræn səs,10,344,2
Harriet,F,'hɛ riː ət,100,341,3
Ben,M,'bɛn,1,335,1
Kate,F,'keɪt,1,335,1
Lawrence,M,'lɔː rəns,10,331,2
Martin,M,'mɑr tən,10,329,2
Amelia,F,ə 'miːl jʌ,010,326,3
Susan,F,'suː zən,10,323,2
Ollie,F,'ɑ liː,10,318,2
Edwin,M,'ɛ dwən,10,313,2
Harvey,M,'hɑr viː,10,310,2
Matilda,F,mə 'tɪl də,010,309,3
Edgar,M,'ɛd gɛː,10,309,2
Clyde,M,'klaɪd,1,307,1
Jane,F,'ʤeɪn,1,306,1
Ed,M,'ɛd,1,303,1
Ruby,F,'ruː biː,10,301,2
Jack,M,'ʤæk,1,299,1
Mildred,F,'mɪl drɪd,10,289,2
Henrietta,F,`hɛn riː 'ɛ tʌ,1010,288,4
Chester,M,'ʧɛ stɛː,10,287,2
Eliza,F,ɪ 'laɪ zʌ,010,287,3
Ora,F,'ɔː rə,10,287,2
Pauline,F,pɔː 'liːn,01,276,2
Theresa,F,tɛː 'iː sə,010,276,3
Floyd,M,'flɔɪd,1,275,1
Marion,F,'mɛ riː ən,100,273,3
Eleanor,F,'ɛ lə nɔːr,100,271,3
Ray,M,'reɪ,1,271,1
Belle,F,'bɛl,1,270,1
Otto,M,'ɑ `toʊ,11,270,2
Theodore,M,'θiː ə `dɔːr,101,258,3
Guy,M,'gaɪ,1,255,1
Hannah,F,'hæ nʌ,10,254,2
Luther,M,'luː θɛː,10,253,2
Patrick,M,'pæ trɪk,10,249,2
Sara,F,'sɛ rə,10,247,2
Estella,F,ɛ 'stɛ lə,010,246,3
Leo,M,'liː oʊ,10,240,2
Nina,F,'naɪ nʌ,10,238,2
Augusta,F,ə 'gə stə,010,237,3
Iva,F,'iː və,10,237,2
Leonard,M,'lɛ nɛːd,10,236,2
Oliver,M,'ɑ lə vɛː,100,230,3
Dorothy,F,'dɔː rə θiː,100,230,3
Lela,F,'liː lə,10,230,2
Ann,F,'æn,1,229,1
Bert,M,'bɛːt,1,228,1
Leona,F,'liː oʊ nʌ,100,227,3
Hugh,M,'hjuː,1,227,1
Amy,F,'eɪ miː,10,226,2
Isaac,M,'aɪ zək,10,224,2
Harold,M,'hɛ rəld,10,224,2
Homer,M,'hoʊ mɛː,10,224,2
Mayme,F,'meɪm,1,219,1
Sophia,F,soʊ 'fiː ə,010,218,3
Estelle,F,ɛ 'stɛl,01,216,2
Charley,M,'ʧɑr liː,10,214,2
Rachel,F,'reɪ ʧəl,10,213,2
Josie,F,'ʤoʊ ziː,10,212,2
Anne,F,'æn,1,211,1
Allen,M,'æ lən,10,211,2
Barbara,F,'bɑr bɛː ə,100,207,3
Alexander,M,`æ ləg 'zæn dɛː,1010,206,4
Goldie,F,'goʊl diː,10,204,2
August,M,'ɑ gəst,10,203,2
Evelyn,F,'ɛ və lən,100,203,3
Ira,M,'aɪ rə,10,198,2
Eddie,M,'ɛ diː,10,197,2
Inez,F,ɪ 'nɛz,01,197,2
Beatrice,F,'biː ə trəs,100,192,3
Lola,F,'loʊ lə,10,191,2
Mable,F,'meɪ bəl,10,187,2
Philip,M,'fɪ ləp,10,187,2
Ola,F,'oʊ lə,10,186,2
Marion,M,'mɛ riː ən,100,182,3
Stephen,M,'stiː vən,10,181,2
Eula,F,'juː lə,10,181,2
Jessie,M,'ʤɛ siː,10,181,2
Bernard,M,bɛː 'nɑrd,01,180,2
Maria,F,mɛː 'iː ə,010,180,3
Allie,F,'æ liː,10,178,2
Nell,F,'nɛl,1,175,1
Archie,M,'ɑr ʧiː,10,175,2
Anthony,M,'æn θə niː,100,174,3
Julius,M,'ʤuːl jəs,10,173,2
Clifford,M,'klɪ fɛːd,10,172,2
Millie,F,'mɪ liː,10,170,2
Delia,F,'diːl jʌ,10,169,2
Betty,F,'bɛ tiː,10,167,2
Vera,F,'vɛ rə,10,167,2
Essie,F,'ɛ siː,10,163,2
Victoria,F,vɪk 'tɔː riː ə,0100,162,4
Alex,M,'æ ləks,10,161,2
Norman,M,'nɔːr mən,10,161,2
Lester,M,'lɛ stɛː,10,160,2
Alta,F,'ɑl tʌ,10,159,2
Sophie,F,'soʊ fiː,10,156,2
Horace,M,'hɔː rəs,10,156,2
Leroy,M,'liː `rɔɪ,11,155,2
Callie,F,'kɔː liː,10,155,2
Sidney,M,'sɪd niː,10,155,2
Dan,M,'dæn,1,154,1
Bertie,F,'bɛː tiː,10,151,2
Christine,F,krɪ 'stiːn,01,151,2
Olga,F,'oʊl gə,10,151,2
Willis,M,'wɪ lɪs,10,150,2
Everett,M,'ɛ vɛː ət,100,150,3
Ina,F,'iː nʌ,10,149,2
Janie,F,'ʤeɪ niː,10,149,2
Celia,F,'siːl jʌ,10,147,2
Winifred,F,'wɪ nɪ frɪd,100,146,3
Victor,M,'vɪk tɛː,10,146,2
Milton,M,'mɪl tən,10,145,2
Warren,M,'wɔː rən,10,144,2
Lloyd,M,'lɔɪd,1,144,1
Hilda,F,'hɪl də,10,143,2
Tillie,F,'tɪ liː,10,143,2
Eunice,F,'juː nəs,10,142,2
Leon,M,'liː ɑn,10,142,2
Loretta,F,lɛː 'ɛ tʌ,010,141,3
Perry,M,'pɛ riː,10,141,2
Jess,M,'ʤɛs,1,140,1
Lucille,F,luː 'siːl,01,139,2
Dave,M,'deɪv,1,139,1
Rufus,M,'ruː fəs,10,139,2
Sylvia,F,'sɪl viː ə,100,137,3
Genevieve,F,'ʤɛ nʌ `viːv,101,136,3
Louisa,F,luː 'iː zʌ,010,136,3
Isabelle,F,'ɪ zʌ `bɛl,101,136,3
Dollie,F,'dɑ liː,10,136,2
Luella,F,`luː 'ɛ lə,110,136,3
Nathan,M,'neɪ θʌn,10,136,2
Leslie,M,'lɛ sliː,10,136,2
Bernice,F,bɛː 'niːs,01,135,2
Verna,F,'vɛː nʌ,10,134,2
Rosie,F,'roʊ ziː,10,133,2
Isabel,F,'ɪ zʌ `bɛl,101,131,3
Gladys,F,'glæ dɪs,10,131,2
Lou,F,'luː,1,129,1
Winnie,F,'wɪ niː,10,129,2
Bess,F,'bɛs,1,128,1
Franklin,M,'fræŋ klɪn,10,127,2
Emil,M,ɛ 'miːl,01,127,2
Marguerite,F,`mɑr gɛː 'iːt,101,125,3
Jerry,M,'ʤɛ riː,10,125,2
Jean,F,'ʤiːn,1,124,1
Birdie,F,'bɛː diː,10,123,2
Percy,M,'pɛː siː,10,122,2
Wesley,M,'wɛ sliː,10,121,2
Amos,M,'eɪ məs,10,121,2
Mathilda,F,mə 'tɪl də,010,120,3
Rena,F,'riː nʌ,10,119,2
Cornelia,F,kɔːr 'niːl jʌ,010,117,3
Lois,F,'loʊ əs,10,116,2
Leila,F,'liː lə,10,115,2
Russell,M,'rə səl,10,115,2
Rhoda,F,'roʊ də,10,114,2
Matthew,M,'mæ θjuː,10,112,2
Alvin,M,'æl vɪn,10,112,2
Elva,F,'ɛl və,10,110,2
Calvin,M,'kæl vən,10,109,2
Lora,F,'lɔː rə,10,109,2
Ross,M,'rɑs,1,107,1
Jay,M,'ʤeɪ,1,107,1
Wilbur,M,'wɪl bɛː,10,106,2
Alonzo,M,ə 'lɑn zoʊ,010,106,3
Mark,M,'mɑrk,1,106,1
Earnest,M,'ɛː nɪst,10,105,2
Johanna,F,ʤə 'hæ nʌ,010,105,3
Marshall,M,'mɑr ʃəl,10,105,2
Flossie,F,'flɔː siː,10,105,2
Sally,F,'sæ liː,10,104,2
Wallace,M,'wɔː ləs,10,104,2
Adam,M,'æ dəm,10,103,2
Violet,F,'vaɪ ə lɪt,100,103,3
Lelia,F,'liːl jʌ,10,102,2
Gus,M,'gəs,1,102,1
Glenn,M,'glɛn,1,99,1
Otis,M,'oʊ tɪs,10,99,2
Virgie,F,'vɛː giː,10,99,2
Dennis,M,'dɛ nɪs,10,98,2
Alberta,F,æl 'bɛː tʌ,010,98,3
Christina,F,krɪ 'stiː nʌ,010,98,3
Nelle,F,'nɛl,1,98,1
Simon,M,'saɪ mən,10,97,2
Mack,M,'mæk,1,97,1
Maurice,M,mɔː 'riːs,01,97,2
Levi,M,'liː vaɪ,10,97,2
Myra,F,'maɪ rə,10,96,2
Cecelia,F,sɪ 'siːl jʌ,010,96,3
Claud,M,'klɔːd,1,96,1
Morris,M,'mɔː rəs,10,96,2
Sue,F,'suː,1,96,1
Adolph,M,'eɪ dɔːlf,10,95,2
Cornelius,M,kɔːr 'niːl jəs,010,95,3
Jake,M,'ʤeɪk,1,95,1
Stanley,M,'stæn liː,10,95,2
Adelaide,F,'æ də `leɪd,101,94,3
Phillip,M,'fɪ lɪp,10,94,2
Emmett,M,'ɛ mɪt,10,94,2
Elbert,M,'ɛl bɛːt,10,94,2
Elijah,M,ɛ 'laɪ ʤə,010,93,3
Felix,M,'fiː lɪks,10,92,2
Harriett,F,`hæ ɹɪ 'ɛ,101,92,3
Roxie,F,'rɑk siː,10,92,2
Gilbert,M,'gɪl bɛːt,10,91,2
Frieda,F,'friː də,10,91,2
Hettie,F,'hɛ tiː,10,91,2
Selma,F,'sɛl mə,10,91,2
Noah,M,'noʊ ə,10,90,2
Katharine,F,'kæ θrɪn,10,90,2
Lucinda,F,luː 'sɪn də,010,90,3
Marvin,M,'mɑr vɪn,10,90,2
Gussie,F,'gə siː,10,89,2
Roscoe,M,'rɑ skoʊ,10,88,2
Lonnie,M,'lɔː niː,10,88,2
Jasper,M,'ʤæ spɛː,10,88,2
Cleveland,M,'kliːv lənd,10,87,2
Aaron,M,'ɛ rən,10,86,2
Lettie,F,'lɛ tiː,10,86,2
Lilly,F,'lɪ liː,10,85,2
Nicholas,M,'nɪ kə ləs,100,85,3
Ellis,M,'ɛ lɪs,10,85,2
Clinton,M,'klɪn tən,10,85,2
Adeline,F,'æ də `laɪn,101,85,3
Jose,M,`hoʊ 'zeɪ,11,85,2
Abbie,F,'æ biː,10,84,2
Teresa,F,tɛː 'iː sə,010,84,3
Moses,M,'moʊ zəs,10,84,2
Mike,M,'maɪk,1,84,1
Leah,F,'liː ə,10,83,2
Owen,M,'oʊ ən,10,83,2
Melvin,M,'mɛl vɪn,10,83,2
Cecil,M,'siː səl,10,83,2
Jeanette,F,ʤə 'nɛt,01,83,2
Marjorie,F,'mɑr ʤɛː iː,100,83,3
Elma,F,'ɛl mə,10,82,2
Carolyn,F,'kɛ rə lɪn,100,82,3
Reuben,M,'ruː bən,10,82,2
Ollie,M,'ɑ liː,10,81,2
Fanny,F,'fæ niː,10,81,2
Francis,F,'fræn səs,10,81,2
Gertie,F,'ʤɛː tiː,10,81,2
Irma,F,'ɛː mə,10,81,2
Willard,M,'wɪ lɛːd,10,80,2
Edmund,M,'ɛd mənd,10,80,2
Hallie,F,'hɔː liː,10,80,2
Isabella,F,`ɪ zʌ 'bɛ lə,1010,80,4
Phoebe,F,'fiː biː,10,80,2
Mina,F,'miː nʌ,10,80,2
Virgil,M,'vɛː ʤəl,10,79,2
Adele,F,ə 'dɛl,01,79,2
Nelson,M,'nɛl sən,10,78,2
Abraham,M,'eɪ brə `hæm,101,77,3
Meta,F,'miː tʌ,10,77,2
Silas,M,'saɪ ləs,10,77,2
Harrison,M,'hɛ rɪ sən,100,77,3
Lura,F,'lʊ rə,10,77,2
Hester,F,'hɛ stɛː,10,76,2
Lily,F,'lɪ liː,10,75,2
Fredrick,M,'frɛ drɪk,10,75,2
Jeannette,F,ʤə 'nɛt,01,75,2
Lenora,F,'lɛ nɛː ə,100,75,3
Timothy,M,'tɪ mə θiː,100,74,3
Clayton,M,'kleɪ tən,10,73,2
Harley,M,'hɑr liː,10,73,2
Max,M,'mæks,1,73,1
Monroe,M,mən 'roʊ,01,73,2
Pearl,M,'pɛːl,1,73,1
Sylvester,M,sɪl 'vɛ stɛː,010,73,3
Vernon,M,'vɛː nən,10,73,2
Roberta,F,rə 'bɛː tʌ,010,72,3
Olivia,F,oʊ 'lɪ viː ə,0100,72,4
Norma,F,'nɔːr mə,10,72,2
Curtis,M,'kɛː təs,10,72,2
Irvin,M,'ɛː vɪn,10,71,2
Lucile,F,luː 'siːl,01,71,2
Geneva,F,ʤə 'niː və,010,71,3
Eugenia,F,`juː 'ʤiː niː ə,1100,71,4
Wilson,M,'wɪl sən,10,71,2
Manuel,M,mɑn 'wɛl,01,70,2
Steve,M,'stiːv,1,70,1
Dock,M,'dɑk,1,69,1
Regina,F,rɪ 'ʤiː nʌ,010,69,3
Grant,M,'grænt,1,69,1
Helena,F,'hɛ lə nʌ,100,69,3
Mandy,F,'mæn diː,10,69,2
Lila,F,'liː lə,10,69,2
Juan,M,'wɑn,1,69,1
Mose,M,'moʊz,1,69,1
Cecilia,F,sɪ 'siːl jʌ,010,68,3
Rudolph,M,'ruː dɔːlf,10,68,2
Johnnie,M,'ʤɑ niː,10,67,2
Lorena,F,lɔː 'rɛ nʌ,010,67,3
Bob,M,'bɑb,1,66,1
Christopher,M,'krɪ stə fɛː,100,66,3
Eli,M,'iː laɪ,10,66,2
Newton,M,'nuː tən,10,66,2
Sherman,M,'ʃɛː mən,10,66,2
Freda,F,'frɛd,1,66,1
Louella,F,laʊ 'ɛ lə,010,66,3
Wilhelmina,F,`wɪl hɛl 'miː nʌ,1010,66,4
Madge,F,'mæʤ,1,66,1
Barney,M,'bɑr niː,10,65,2
Minerva,F,mə 'nɛː və,010,65,3
Gordon,M,'gɔːr dən,10,64,2
Alva,M,'æl və,10,64,2
Austin,M,'ɔː stən,10,64,2
Lida,F,'liː də,10,64,2
Bill,M,'bɪl,1,64,1
Erma,F,'ɛː mə,10,64,2
Orville,M,'ɔːr vɪl,10,63,2
Ora,M,'ɔː rə,10,63,2
Jeff,M,'ʤɛf,1,63,1
Blanch,F,'blænʧ,1,63,1
Chris,M,'krɪs,1,62,1
Anton,M,'æn `tɔːn,11,62,2
Emilie,F,'ɛ mə liː,100,61,3
Claire,F,'klɛr,1,61,1
Don,M,'dɑn,1,61,1
Hubert,M,'hjuː bɛːt,10,61,2
Wade,M,'weɪd,1,61,1
Rosetta,F,roʊ 'zɛ tʌ,010,61,3
Ivy,F,'aɪ viː,10,61,2
Irving,M,'ɛː vɪŋ,10,60,2
Ophelia,F,ə 'fiːl jʌ,010,60,3
Claudia,F,'klɔː diː ə,100,59,3
Mabelle,F,mə 'bɛl,01,59,2
Elvira,F,ɛl 'vaɪ rə,010,59,3
Elsa,F,'ɛl sə,10,59,2
Cyrus,M,'saɪ rəs,10,59,2
Nathaniel,M,nʌ 'θæ njəl,010,59,3
Augustus,M,ɑ 'gə stəs,010,58,3
Lon,M,'lɑn,1,58,1
Melissa,F,mə 'lɪ sə,010,58,3
Polly,F,'pɑ liː,10,58,2
Donald,M,'dɑ nəld,10,57,2
Frankie,F,'fræŋ kiː,10,57,2
Millard,M,'mɪ lɛːd,10,57,2
Columbus,M,kə 'ləm bʌs,010,56,3
Forrest,M,'fɔː rəst,10,56,2
Cynthia,F,'sɪn θiː ə,100,56,3
Janet,F,'ʤæ nət,10,56,2
Miriam,F,'mɪ riː əm,100,56,3
Pearle,F,'pɛːl,1,55,1
Marian,F,'mɛ riː ən,100,55,3
Naomi,F,neɪ 'oʊ miː,010,55,3
Bruce,M,'bruːs,1,55,1
Roland,M,'roʊ lənd,10,55,2
Joshua,M,'ʤɑ ʃuː ə,100,55,3
Dolly,F,'dɑ liː,10,54,2
Pete,M,'piːt,1,54,1
Hiram,M,'haɪ rʌm,10,53,2
Malinda,F,mɑ 'liːn də,010,53,3
Asa,M,'ɑ sə,10,52,2
Zora,F,'zɔː rə,10,52,2
Lilla,F,'lɪ lə,10,52,2
Juanita,F,wɑ 'niː tʌ,010,52,3
Nola,F,'noʊ lə,10,51,2
Byron,M,'baɪ rən,10,51,2
Catharine,F,'kæ θrɪn,10,50,2
Artie,F,'ɑr tiː,10,50,2
Letha,F,'lɛ θə,10,50,2
Vincent,M,'vɪn sənt,10,50,2
Abe,M,'eɪb,1,50,1
Conrad,M,'kɑn ræd,10,50,2
Edmond,M,'ɛd mənd,10,50,2
Enoch,M,'iː nək,10,50,2
Jerome,M,ʤɛː 'oʊm,01,50,2
Julian,M,'ʤuː liː ən,100,50,3
Luke,M,'luːk,1,50,1
Andy,M,'æn diː,10,49,2
Vivian,F,'vɪ viː ən,100,49,3
Rosalie,F,'roʊ zʌ liː,100,49,3
Clark,M,'klɑrk,1,49,1
Margie,F,'mɑr ʤiː,10,49,2
Linda,F,'lɪn də,10,49,2
Leola,F,'lɛ lə,10,49,2
Neva,F,'neɪ və,10,49,2
Wiley,M,'waɪ liː,10,49,2
Joel,M,'ʤoʊ əl,10,49,2
Glen,M,'glɛn,1,49,1
Mathew,M,'mæ θjuː,10,48,2
Karl,M,'kɑrl,1,48,1
Ike,M,'aɪk,1,48,1
John,F,'ʤɑn,1,48,1
Johnnie,F,'ʤɑ niː,10,48,2
Nick,M,'nɪk,1,47,1
Vesta,F,'vɛ stə,10,47,2
Bell,F,'bɛl,1,46,1
Edythe,F,'ɛ daɪð,10,46,2
Emanuel,M,ɪ 'mæ njuː əl,0100,46,4
Earle,M,'ɛːl,1,46,1
Alvina,F,æl 'vaɪ nʌ,010,46,3
Antoinette,F,`æn twə 'nɛt,101,46,3
Lue,F,'luː,1,46,1
Green,M,'griːn,1,45,1
Elnora,F,ɛl 'nɔː rə,010,45,3
Georgie,F,'ʤɔːr ʤiː,10,45,2
Ila,F,'iː lə,10,45,2
Madeline,F,'mæ də lɪn,100,45,3
Nona,F,'nɑ nʌ,10,45,2
Ona,F,ə 'nɑ,01,45,2
Solomon,M,'sɑ lə mən,100,45,3
Emery,M,'ɛ mɛː iː,100,44,3
Forest,M,'fɔː rəst,10,44,2
Elisabeth,F,ɪ 'lɪ zʌ bɪθ,0100,43,4
Kathleen,F,kæθ 'liːn,01,43,2
Lina,F,'liː nʌ,10,43,2
Pansy,F,'pæn ziː,10,43,2
Vida,F,'vaɪ də,10,43,2
Jackson,M,'ʤæk sən,10,43,2
Bridget,F,'brɪ ʤət,10,43,2
Bennie,M,'bɛ niː,10,43,2
Cecile,F,sɪ 'siːl,01,43,2
Boyd,M,'bɔɪd,1,43,1
Laurence,M,'lɔː rəns,10,43,2
Gracie,F,'greɪ siː,10,42,2
Priscilla,F,prɪ 'sɪ lə,010,42,3
Pearlie,F,'pəː li,10,42,2
Cleo,F,'kliː oʊ,10,42,2
Cassie,F,'kæ siː,10,42,2
Angie,F,'æn ʤiː,10,42,2
Clifton,M,'klɪf tən,10,42,2
Scott,M,'skɑt,1,42,1
Vina,F,'viː nʌ,10,41,2
Isabell,F,ɪ sɑ 'bɛl,001,41,3
Arnold,M,'ɑr nəld,10,41,2
Elias,M,ə 'laɪ əs,010,41,3
Van,M,'væn,1,41,1
Susanna,F,suː 'zæ nʌ,010,41,3
Floy,F,'flɔɪ,1,41,1
Adah,F,'æ dɑ,10,41,2
Anita,F,ə 'niː tʌ,010,40,3
Bonnie,F,'bɑ niː,10,40,2
Ruben,M,'ruː bən,10,40,2
Neal,M,'niːl,1,40,1
Jeremiah,M,`ʤɛ rə 'maɪ ə,1010,40,4
Ferdinand,M,'fɛː dɪ `nænd,101,40,3
Chas,M,'ʧɑrlz,1,40,1
Annette,F,ə 'nɛt,01,40,2
Magdalena,F,`mæg də 'liː nʌ,1010,40,4
Leota,F,'lɛ tʌ,10,39,2
Marcus,M,'mɑr kəs,10,39,2
Lona,F,'loʊ nʌ,10,39,2
Nan,F,'næn,1,39,1
Riley,M,'raɪ liː,10,39,2
Oma,F,'oʊ mə,10,39,2
Ezra,M,'ɛz rə,10,39,2
Fletcher,M,'flɛ ʧɛː,10,38,2
Garfield,M,'gɑr `fiːld,11,38,2
Gustave,M,guː 'stɑ viː,010,38,3
Kenneth,M,'kɛ nɪθ,10,38,2
Ulysses,M,juː 'lɪ siːz,010,38,3
Alpha,F,'æl fə,10,38,2
Charity,F,'ʧɛ rɪ tiː,100,38,3
Eloise,F,ɪ 'lɔɪz,01,38,2
George,F,'ʤɔːrʤ,1,38,1
Eda,F,'iː də,10,37,2
Fay,F,'feɪ,1,37,1
Emory,M,'ɛ mɛː iː,100,37,3
Jimmie,M,'ʤɪ miː,10,37,2
Lee,F,'liː,1,37,1
Louie,M,luː 'iː,01,36,2
Faye,F,'feɪ,1,36,1
Miles,M,'maɪlz,1,36,1
Omer,M,'oʊ mɛː,10,36,2
Preston,M,'prɛ stən,10,36,2
Constance,F,'kɑn stəns,10,36,2
Cleve,M,'kliːv,1,36,1
Fern,F,'fɛːn,1,36,1
Jimmie,F,'ʤɪ miː,10,36,2
Dorothea,F,`dɔː rə 'θiː ə,1010,35,4
William,F,'wɪl jəm,10,35,2
Lyda,F,'laɪ də,10,35,2
Lavinia,F,lə 'vɪ njə,010,35,3
Joanna,F,ʤoʊ 'æ nʌ,010,35,3
Ned,M,'nɛd,1,35,1
Isaiah,M,`aɪ 'zeɪ ə,110,35,3
Elisha,M,'ɛ lɪ ʃə,100,35,3
Douglas,M,'də gləs,10,35,2
Burton,M,'bɛː tən,10,35,2
Dewitt,M,də 'wɪt,01,35,2
Cecil,F,'siː səl,10,34,2
Chloe,F,'kloʊ iː,10,34,2
Ellie,F,'ɛ liː,10,34,2
Georgiana,F,`ʤɔːr ʤiː 'æ nʌ,1010,34,4
Rae,F,'reɪ,1,34,1
Jefferson,M,'ʤɛ fɛː sən,100,34,3
Lyman,M,'laɪ mən,10,34,2
Anderson,M,'æn dɛː sən,100,34,3
Ivan,M,'aɪ vən,10,34,2
Tommie,M,'tɑ miː,10,33,2
Velma,F,'vɛl mə,10,33,2
Maybelle,F,`meɪ 'bɛl,11,33,2
Lucia,F,'luː ʃə,10,33,2
Leora,F,'lɛ rə,10,33,2
June,F,'ʤuːn,1,33,1
Helene,F,hə 'liːn,01,33,2
Corinne,F,kɛː 'iːn,01,33,2
Christian,M,'krɪs ʧən,10,33,2
Bud,M,'bʌd,1,33,1
Ervin,M,'ɛː vɪn,10,32,2
Gustav,M,'gʊ stɑf,10,32,2
Golda,F,'goʊl də,10,32,2
Lucretia,F,luː 'kriː ʃə,010,32,3
Queen,F,'kwiːn,1,32,1
Savannah,F,sə 'væ nʌ,010,32,3
Tina,F,'tiː nʌ,10,32,2
Zelma,F,'zɛl mə,10,32,2
Antonio,M,æn 'toʊ niː oʊ,0100,32,4
Arch,M,'ɑrʧ,1,32,1
Dena,F,'diː nʌ,10,32,2
Elise,F,ə 'liːs,01,32,2
Mary,M,'mɛ riː,10,32,2
Morgan,M,'mɔːr gən,10,32,2
Napoleon,M,nʌ 'poʊ liː ən,0100,32,4
Roger,M,'rɑ ʤɛː,10,32,2
Elwood,M,'ɛl `wʊd,11,31,2
Major,M,'meɪ ʤɛː,10,31,2
Antonia,F,æn 'toʊ niː ə,0100,31,4
Rilla,F,'rɪ lə,10,31,2
Dona,F,'doʊ nʌ,10,31,2
Kitty,F,'kɪ tiː,10,31,2
Mazie,F,'meɪ ziː,10,31,2
Willa,F,'wɪ lə,10,31,2
Vinnie,F,'vɪ niː,10,31,2
Mona,F,'moʊ nʌ,10,31,2
Lucius,M,'luː ʃəs,10,30,2
Logan,M,'loʊ gən,10,30,2
Berta,F,'bɛː tʌ,10,30,2
Eddie,F,'ɛ diː,10,30,2
Mellie,F,'mɛ liː,10,30,2
Octavia,F,ɑk 'teɪ viː ə,0100,30,4
Ambrose,M,'æm `broʊz,11,30,2
Archibald,M,'ɑr ʧə `bɔːld,101,30,3
Delbert,M,'dɛl bɛːt,10,30,2
Johnie,M,'ʤɑ niː,10,30,2
Missouri,F,mə 'zʊ riː,010,30,3
Almeda,F,ɑl 'meɪ də,010,29,3
Donna,F,'dɑ nʌ,10,29,2
Molly,F,'mɑ liː,10,29,2
Tena,F,'tɛ nʌ,10,29,2
Walker,M,'wɔː kɛː,10,29,2
Tony,M,'toʊ niː,10,29,2
Spencer,M,'spɛn sɛː,10,29,2
Josh,M,'ʤɑʃ,1,29,1
James,F,'ʤeɪmz,1,29,1
Doris,F,'dɔː rəs,10,28,2
Emmie,F,'ɛ miː,10,28,2
Ettie,F,'ɛ tiː,10,28,2
Lavina,F,lɑ 'viː nʌ,010,28,3
Tilda,F,'tɪl də,10,28,2
Ole,M,'oʊl,1,28,1
Myron,M,'maɪ rən,10,28,2
Gerald,M,'ʤɛ rəld,10,28,2
Clay,M,'kleɪ,1,28,1
Reba,F,'riː bə,10,28,2
Opal,F,'oʊ pəl,10,28,2
Rita,F,'riː tʌ,10,28,2
Hilma,F,'hɪl mə,10,27,2
Liza,F,'liː zʌ,10,27,2
Wilfred,M,'wɪl frɪd,10,27,2
Stewart,M,'stuː ɛːt,10,27,2
Sandy,M,'sæn diː,10,27,2
Matt,M,'mæt,1,27,1
Leland,M,'liː lənd,10,27,2
Lafayette,M,`lɑ fiː 'ɛt,101,27,3
Al,M,'æl,1,27,1
Albina,F,ɑl 'biː nʌ,010,27,3
Angeline,F,'eɪŋ gɪ laɪn,100,27,3
Ava,F,'eɪ və,10,27,2
Clementine,F,'klɛ mən `taɪn,101,27,3
Hanna,F,'hæ nʌ,10,27,2
Ernestine,F,'ɛː nɪ `stiːn,101,27,3
Hardy,M,'hɑr diː,10,26,2
Audrey,F,'ɔː driː,10,26,2
Wilma,F,'wɪl mə,10,26,2
Veronica,F,vɛː 'ɑ nɪ kə,0100,26,4
Una,F,'uː nʌ,10,26,2
Lovie,F,'lə viː,10,26,2
Clare,F,'klɛr,1,26,1
Dee,M,'diː,1,26,1
Clement,M,'klɛ mənt,10,26,2
Rex,M,'rɛks,1,26,1
Malcolm,M,'mæl kəm,10,25,2
Ward,M,'wɔːrd,1,25,1
Zoe,F,'zoʊ iː,10,25,2
Winfield,M,'wɪn `fiːld,11,25,2
Carolina,F,`kɛ rə 'laɪ nʌ,1010,25,4
Letitia,F,lɪ 'tɪ ʃiː ə,0100,25,4
Margret,F,'mɑr grɛt,10,25,2
Muriel,F,'mjʊ riː əl,100,25,3
Pinkie,F,'pɪŋ kiː,10,25,2
Geraldine,F,ʤɛ rəl 'diːn,001,25,3
Carroll,M,'kæ rəl,10,25,2
Lorenzo,M,lɛː 'ɛn zoʊ,010,25,3
Fay,M,'feɪ,1,25,1
Emile,M,eɪ 'miːl,01,25,2
Dallas,M,'dæ ləs,10,25,2
Clem,M,'klɛm,1,25,1
Axel,M,'æk səl,10,25,2
Lynn,M,'lɪn,1,25,1
Allan,M,'æ lən,10,25,2
Houston,M,'hjuː stən,10,24,2
Milo,M,'maɪ loʊ,10,24,2
Emmet,M,'ɛ mɪt,10,24,2
Dudley,M,'dəd liː,10,24,2
Mitchell,M,'mɪ ʧəl,10,24,2
Marietta,F,`mɛ riː 'ɛ tʌ,1010,24,4
Neil,M,'niːl,1,24,1
Pedro,M,'peɪ droʊ,10,24,2
Porter,M,'pɔːr tɛː,10,24,2
Gust,M,'gəst,1,24,1
Tessie,F,'tɛ siː,10,24,2
Lilian,F,'lɪ liː ən,100,24,3
Angela,F,'æn ʤə lə,100,24,3
Leta,F,'lɛ tʌ,10,24,2
Kathrine,F,'kæ θɹi,10,24,2
Juliet,F,'ʤuː liː `ɛt,101,24,3
Cordie,F,'kɔːr diː,10,24,2
Tommie,F,'tɑ miː,10,24,2
Mariah,F,mɛː 'aɪ ə,010,24,3
Larry,M,'lɛ riː,10,23,2
General,M,'ʤɛ nɛː əl,100,23,3
Oren,M,'ɔː rən,10,23,2
Pat,M,'pæt,1,23,1
Raleigh,M,'rɔː liː,10,23,2
Seth,M,'sɛθ,1,23,1
Wayne,M,'weɪn,1,23,1
King,M,'kɪŋ,1,23,1
Johnny,M,'ʤɑ niː,10,23,2
Melvina,F,mɛl 'viː nʌ,010,23,3
Dick,M,'dɪk,1,23,1
Cliff,M,'klɪf,1,23,1
Julie,F,'ʤuː liː,10,23,2
Agatha,F,'æ gə θə,100,23,3
Alda,F,'ɑl də,10,23,2
Anastasia,F,æ nʌ 'steɪ ʒə,0010,23,4
Belva,F,'beɪl və,10,23,2
Esta,F,'ɛ stə,10,23,2
Casper,M,'kæ spɛː,10,22,2
Carlton,M,'kɑrl tən,10,22,2
Lucie,F,'luː siː,10,22,2
Elliott,M,'ɛ liː ət,100,22,3
Ira,F,'aɪ rə,10,22,2
Bella,F,'bɛ lə,10,22,2
Bennie,F,'bɛ niː,10,22,2
Charles,F,'ʧɑrlz,1,22,1
Claudie,F,'klɔː diː,10,22,2
Erwin,M,'ɛː wɪn,10,22,2
Dixie,F,'dɪk siː,10,22,2
Frank,F,'fræŋk,1,22,1
Leonora,F,`liː ə 'nɔː rə,1010,22,4
Harriette,F,'hæ riː ɛt,100,22,3
Jeanne,F,'ʤiːn,1,22,1
Rosella,F,roʊ 'zɛ lə,010,22,3
Vern,M,'vɛːn,1,22,1
Taylor,M,'teɪ lɛː,10,22,2
Sim,M,'sɪm,1,22,1
Randolph,M,'ræn dɑlf,10,22,2
Prince,M,'prɪns,1,22,1
Pink,M,'pɪŋk,1,22,1
Merle,M,'mɛːl,1,22,1
Loren,M,'lɔː rən,10,22,2
Foster,M,'fɑ stɛː,10,22,2
Alida,F,ɑ 'liː də,010,22,3
Connie,F,'kɔː niː,10,21,2
Alva,F,'æl və,10,21,2
Annabelle,F,'æ nʌ bəl,100,21,3
Avis,F,'eɪ vɪs,10,21,2
Clemmie,F,'klɛ miː,10,21,2
Clyde,F,'klaɪd,1,21,1
Emeline,F,'ɛ mɪ `laɪn,101,21,3
Inga,F,'iːŋ gə,10,21,2
Mathilde,F,'mæ θɪld,10,21,2
Paula,F,'pɔː lə,10,21,2
Ray,F,'reɪ,1,21,1
Iola,F,aɪ 'oʊ lə,010,21,3
Otho,M,'ɑ θəʊ,10,21,2
Allie,M,'æ liː,10,21,2
Judson,M,'ʤʌd sən,10,21,2
Burl,M,'bɛːl,1,21,1
Washington,M,'wɑ ʃɪŋ tən,100,21,3
Pierce,M,'pɪrs,1,21,1
Loyd,M,'lɔɪd,1,21,1
Lem,M,'lɛm,1,21,1
West,M,'wɛst,1,21,1
Josiah,M,ʤoʊ 'saɪ ə,010,21,3
Isom,M,'aɪ səm,10,21,2
Freeman,M,'friː mən,10,21,2
Chauncey,M,'ʧɔːn siː,10,21,2
Jason,M,'ʤeɪ sən,10,21,2
Lotta,F,'lɑ tʌ,10,20,2
Besse,F,'bɛs,1,20,1
Camille,F,kə 'miːl,01,20,2
Jewel,F,'ʤuː əl,10,20,2
Lauretta,F,lɛː 'ɛ tʌ,010,20,3
Lenore,F,lə 'nɔːr,01,20,2
Meda,F,'meɪ də,10,20,2
Luna,F,'luː nʌ,10,20,2
Patsy,F,'pæt siː,10,20,2
Pattie,F,'pæ tiː,10,20,2
Phyllis,F,'fɪ lɪs,10,20,2
Adda,F,'æ dʌ,10,20,2
Zona,F,'zoʊ nʌ,10,20,2
Arrie,F,æ 'ɹaɪ,01,20,2
Betsy,F,'bɛt siː,10,20,2
Tomas,M,toʊ 'mɑs,01,20,2
Steven,M,'stiː vən,10,20,2
Judge,M,'ʤʌʤ,1,20,1
Jonas,M,'ʤoʊ nəs,10,20,2
Hans,M,'hɑns,1,20,1
Clair,M,'klɛr,1,20,1
Hugo,M,'hjuː goʊ,10,19,2
Clarice,F,klɛː 'iːs,01,19,2
Granville,M,'græn vɪl,10,19,2
Garland,M,'gɑr lənd,10,19,2
Elza,M,'ɛl zʌ,10,19,2
Burt,M,'bɛːt,1,19,1
Adolphus,M,æ 'dɑl fʌ,010,19,3
Althea,F,æl 'θiː ə,010,19,3
Jonathan,M,'ʤɑ nʌ θʌn,100,19,3
Herschel,M,'hɛː ʃəl,10,19,2
Ethelyn,F,'ɛ θɪ lɪn,100,19,3
Eugenie,F,`juː 'ʤiː niː,110,19,3
Malvina,F,mɑl 'viː nʌ,010,19,3
Manda,F,'mæn də,10,19,2
Marcia,F,'mɑr ʃə,10,19,2
Maye,F,meɪ,0,19,1
Melinda,F,mə 'lɪn də,010,19,3
Odessa,F,oʊ 'dɛ sə,010,19,3
Petra,F,'pɛ trə,10,19,2
Phebe,F,'fiː biː,10,19,2
Prudence,F,'pruː dəns,10,19,2
Ursula,F,'ɛː sə lə,100,19,3
Harris,M,'hɛ rɪs,10,19,2
Era,F,'ɛ rə,10,19,2
Murray,M,'mɛː iː,10,19,2
Royal,M,'rɔɪ əl,10,19,2
Troy,M,'trɔɪ,1,19,1
Wilmer,M,'wɪl mɛː,10,19,2
Lawson,M,'lɔː sən,10,19,2
Minor,M,'maɪ nɛː,10,18,2
Verne,M,'vɛːn,1,18,1
Rollie,M,'roʊ liː,10,18,2
Rolla,M,'rɑ lə,10,18,2
Celeste,F,sə 'lɛst,01,18,2
Aline,F,ə 'laɪn,01,18,2
Phil,M,'fɪl,1,18,1
Irwin,M,'ɛː wʌn,10,18,2
Mason,M,'meɪ sən,10,18,2
Lucian,M,'luː ʃən,10,18,2
Harmon,M,'hɑr mən,10,18,2
Hal,M,'hæl,1,18,1
Davis,M,'deɪ vəs,10,18,2
Abram,M,ə 'bræm,01,18,2
Abner,M,'æb nɛː,10,18,2
Warner,M,'wɔːr nɛː,10,18,2
Elmira,F,ɛl 'maɪ rə,010,18,3
Erna,F,'ɛː nʌ,10,18,2
Ione,F,aɪ 'oʊ niː,010,18,3
Marcella,F,mɑr 'sɛ lə,010,18,3
Minna,F,'mɪ nʌ,10,18,2
Rowena,F,roʊ 'iː nʌ,010,18,3
Vallie,F,'vɔː liː,10,18,2
Verda,F,'vɛr də,10,18,2
Iona,F,aɪ 'oʊ nʌ,010,18,3
Magdalene,F,'mæg də `liːn,101,17,3
Sophronia,F,soʊ 'froʊ niː ə,0100,17,4
Rosina,F,roʊ 'ziː nʌ,010,17,3
Myrta,F,'mɛː tʌ,10,17,2
Margery,F,'mɑr ʤɛː iː,100,17,3
Beth,F,'bɛθ,1,17,1
Leonie,F,'lɛ niː,10,17,2
Isa,F,'iː sə,10,17,2
Emmer,F,'ɛ mɛː,10,17,2
Ara,F,'æ rə,10,17,2
Aimee,F,'eɪ 'miː,11,17,2
Israel,M,'ɪz riː əl,100,17,3
Hosea,M,hoʊ 'siː ə,010,17,3
Stuart,M,'stuː ɛːt,10,17,2
Madison,M,'mæ də sən,100,17,3
Shirley,M,'ʃɛː liː,10,17,2
Lucious,M,'lʉː ʃʌ,10,17,2
Thornton,M,'θɔːrn tən,10,17,2
Webster,M,'wɛb stɛː,10,17,2
Wilbert,M,'wɪl bɛːt,10,17,2
Leander,M,liː 'æn dɛː,010,17,3
Hamilton,M,'hæ məl tən,100,17,3
Ezekiel,M,'ɛ zɪ `kiːl,101,17,3
Emerson,M,'ɛ mɛː sən,100,17,3
Early,M,'ɛː liː,10,17,2
Dwight,M,'dwaɪt,1,17,1
Dale,M,'deɪl,1,17,1
Buster,M,'bə stɛː,10,17,2
Alford,M,'æl fɛːd,10,17,2
Adrian,M,'eɪ driː ən,100,17,3
Olaf,M,'oʊ lɑf,10,17,2
Geo,M,'ʤiː oʊ,10,16,2
Emmitt,M,'ɛ mɪt,10,16,2
Garrett,M,'gæ rɪt,10,16,2
Kelly,M,'kɛ liː,10,16,2
Christ,M,'kraɪst,1,16,1
Henderson,M,'hɛn dɛː sən,100,16,3
Carlos,M,'kɑr loʊs,10,16,2
Lindsey,M,'lɪnd ziː,10,16,2
Milford,M,'mɪl fɛːd,10,16,2
Oswald,M,'ɔːz wɔːld,10,16,2
Shirley,F,'ʃɛː liː,10,16,2
Sanford,M,'sæn fɛːd,10,16,2
Smith,M,'smɪθ,1,16,1
Alton,M,'ɔːl tən,10,16,2
Carmen,F,'kɑr mən,10,16,2
Sena,F,'sɛ nʌ,10,16,2
Robert,F,'rɑ bɛːt,10,16,2
Natalie,F,'næ tʌ liː,100,16,3
Margarita,F,`mɑr gɛː 'iː tʌ,1010,16,4
Joan,F,'ʤoʊn,1,16,1
Jenny,F,'ʤɛ niː,10,16,2
Faith,F,'feɪθ,1,16,1
Ester,F,'ɛ stɛː,10,16,2
Elinor,F,'ɛ lɪ nɛː,100,16,3
Valentine,M,'væ lən `taɪn,101,16,3
Beryl,F,'bɛ rəl,10,16,2
Abel,M,'eɪ bəl,10,16,2
Addison,M,'æ də sən,100,16,3
Thad,M,'θæd,1,16,1
Alphonse,M,æl 'fɑnz,01,16,2
Crawford,M,'krɔː fɛːd,10,15,2
Clarissa,F,klɛː 'ɪ sə,010,15,3
Therese,F,'θɛ riːs,10,15,2
Theo,F,'θiː oʊ,10,15,2
Rossie,F,'rɔː siː,10,15,2
Rosanna,F,roʊ 'zæ nʌ,010,15,3
Philomena,F,fɪ lə 'miː nʌ,0010,15,4
Peggy,F,'pɛ giː,10,15,2
Minta,F,'mɪn tʌ,10,15,2
Magnolia,F,mæg 'noʊl jʌ,010,15,3
Louie,F,luː 'iː,01,15,2
Lonnie,F,'lɔː niː,10,15,2
Lelah,F,'lɛ lə,10,15,2
Joe,F,'ʤoʊ,1,15,1
Jewell,F,'ʤuː ɪl,10,15,2
India,F,'ɪn diː ə,100,15,3
Hope,F,'hoʊp,1,15,1
Harry,F,'hɛ riː,10,15,2
Glenna,F,'glɛ nʌ,10,15,2
Etna,F,'ɛt nʌ,10,15,2
Emilia,F,ə 'miː liː ə,0100,15,4
Emelie,F,'ɛ mə liː,100,15,3
Eileen,F,aɪ 'liːn,01,15,2
Easter,F,'iː stɛː,10,15,2
Delilah,F,də 'laɪ lə,010,15,3
Corrie,F,'kɔː riː,10,15,2
Abigail,F,'æ bə `geɪl,101,15,3
Clint,M,'klɪnt,1,15,1
Annabel,F,'æ nʌ `bɛl,101,15,3
Zack,M,'zæk,1,15,1
Emmit,M,'ɛ mɪt,10,15,2
Reginald,M,'rɛ ʤə nəld,100,15,3
Orval,M,'ɔːr vəl,10,15,2
Nels,M,'nɛlz,1,15,1
Ivy,M,'aɪ viː,10,15,2
Francisco,M,fræn 'sɪ skoʊ,010,15,3
Florence,M,'flɔː rəns,10,15,2
Enos,M,ɪ 'nəʊ,01,15,2
Elvin,M,'ɛl vɪn,10,15,2
Wm,M,'wɪl jəm,10,15,2
Dean,M,'diːn,1,15,1
Alonza,M,ə 'lɑn zʌ,010,15,3
Angus,M,'æŋ gəs,10,15,2
Anna,M,'æ nʌ,10,15,2
Berry,M,'bɛ riː,10,15,2
Carter,M,'kɑr tɛː,10,15,2
Clara,M,'klæ rə,10,15,2
Turner,M,'tɛː nɛː,10,15,2
Helga,F,'hɛl gə,10,14,2
Genie,F,'ʤiː niː,10,14,2
Attie,F,'æ tiː,10,14,2
Felicia,F,fə 'liː ʃə,010,14,3
Eleanora,F,`ɛ lə 'nɔː rə,1010,14,4
Drusilla,F,`druː 'sɪ lə,110,14,3
Henry,F,'hɛn riː,10,14,2
Delphia,F,'dɛl fiː ə,100,14,3
Camilla,F,kə 'mɪ lə,010,14,3
Jo,F,'ʤoʊ,1,14,1
Ammie,F,'æ mi,10,14,2
Viva,F,'viː və,10,14,2
America,F,ə 'mɛ rə kə,0100,14,4
Judith,F,'ʤuː dəθ,10,14,2
Leda,F,'liː də,10,14,2
Ashley,M,'æ ʃliː,10,14,2
Madie,F,'meɪ di,10,14,2
Merle,F,'mɛːl,1,14,1
Narcissus,F,nɑr 'sɪ səs,010,14,3
Donnie,F,'dɑ niː,10,14,2
Caleb,M,'keɪ ləb,10,14,2
Sol,M,'sɑl,1,14,1
Orrin,M,'ɔː rɪn,10,14,2
Wilber,M,'wɪl bɛː,10,14,2
Truman,M,'truː mən,10,14,2
Tracy,M,'treɪ siː,10,14,2
Tim,M,'tɪm,1,14,1
Cornelious,M,'kɔːr nɪ liː ɪs,1000,14,4
Simeon,M,'sɪ miː ən,100,14,3
Sid,M,'sɪd,1,14,1
Rodney,M,'rɑd niː,10,14,2
Omar,M,'oʊ mɑr,10,14,2
Mortimer,M,'mɔːr tɪ mɛː,100,14,3
Issac,M,'ɪ sək,10,14,2
Freddie,M,'frɛ diː,10,14,2
Evans,M,'ɛ vənz,10,14,2
Ephraim,M,'iː frʌm,10,14,2
Elie,M,'ɛ liː,10,14,2
Dell,M,'dɛl,1,14,1
Annetta,F,æ 'nɛ tʌ,010,13,3
Arminda,F,ɑ 'mɪn dʌ,010,13,3
Arie,F,'ɛ riː,10,13,2
Annis,F,'æ niːz,10,13,2
Sibyl,F,'sɪ bəl,10,13,2
Angelina,F,æn ʤɛ 'liː nʌ,0010,13,4
Wylie,M,'waɪ liː,10,13,2
Williams,M,'wɪl jəmz,10,13,2
Celestia,F,sʌ 'lɛs tʃʌ,010,13,3
Carol,F,'kæ rəl,10,13,2
Queenie,F,'kwiː niː,10,13,2
Coral,F,'kɔː rəl,10,13,2
Dee,F,'diː,1,13,1
Diana,F,daɪ 'æ nʌ,010,13,3
Gena,F,'ʤɛ nʌ,10,13,2
Golden,F,'goʊl dən,10,13,2
Mahala,F,'mæ hə lə,100,13,3
Mallie,F,'mɔː liː,10,13,2
Parthenia,F,pɑr 'θɛ niː ə,0100,13,4
Tommy,M,'tɑ miː,10,13,2
Rhea,F,'riː ə,10,13,2
Willam,M,'wɪ ləm,10,13,2
Hampton,M,'hæmp tən,10,13,2
Thurman,M,'θɛː mən,10,13,2
Frederic,M,'frɛ drɪk,10,13,2
Angelo,M,'æn ʤə `loʊ,101,13,3
Aron,M,'ɛ rən,10,13,2
Augustine,M,'ɑ gə `stiːn,101,13,3
Baxter,M,'bæk stɛː,10,13,2
Benny,M,'bɛ niː,10,13,2
Brady,M,'breɪ diː,10,13,2
Butler,M,'bət lɛː,10,13,2
Cary,M,'kɛ riː,10,13,2
Gabriel,M,'geɪ briː əl,100,13,3
Ronald,M,'rɑ nəld,10,13,2
Gene,M,'ʤiːn,1,13,1
Giles,M,'ʤaɪlz,1,13,1
Haywood,M,'heɪ `wʊd,11,13,2
Junius,M,'ʤuː niː ɪs,100,13,3
Micheal,M,'maɪ kəl,10,13,2
Miguel,M,mɪ 'gɛl,01,13,2
Orlando,M,ɔːr 'læn doʊ,010,13,3
Ransom,M,'ræn səm,10,13,2
Samantha,F,sə 'mæn θə,010,13,3
Fritz,M,'frɪts,1,13,1
Almira,F,ɑl 'mɪ rə,010,12,3
Henery,M,'hɛ nɛː iː,100,12,3
Lawyer,M,'lɔː jɛː,10,12,2
Luis,M,luː 'iːs,01,12,2
Lyle,M,'laɪl,1,12,1
Miller,M,'mɪ lɛː,10,12,2
Palmer,M,'pɑ mɛː,10,12,2
Perley,M,'pɛː liː,10,12,2
Pleasant,M,'plɛ zənt,10,12,2
Price,M,'praɪs,1,12,1
Ramon,M,rə 'moʊn,01,12,2
Terry,M,'tɛ riː,10,12,2
Tillman,M,'tɪl mən,10,12,2
Walton,M,'wɔːl tən,10,12,2
Wendell,M,'wɛn dəl,10,12,2
Wilford,M,'wɪl fɛːd,10,12,2
Winfred,M,'wɪn frɪd,10,12,2
Jesus,M,'ʤiː zəs,10,12,2
Harlan,M,'hɑr lən,10,12,2
Albin,M,'æl bɪn,10,12,2
Grace,M,'greɪs,1,12,1
Artie,M,'ɑr tiː,10,12,2
Bartholomew,M,bɑr 'θɑ lə `mjuː,0101,12,4
Bertha,M,'bɛː θə,10,12,2
Billie,M,'bɪ liː,10,12,2
Blaine,M,'bleɪn,1,12,1
Buck,M,'bʌk,1,12,1
Doc,M,'dɑk,1,12,1
Dorsey,M,'dɔːr siː,10,12,2
Drew,M,'druː,1,12,1
Duncan,M,'dʌŋ kən,10,12,2
Ellsworth,M,'ɛlz wɛːθ,10,12,2
Elmo,M,'ɛl moʊ,10,12,2
Elton,M,'ɛl tən,10,12,2
Felipe,M,fə 'liːp,01,12,2
Frances,M,'fræn sɪs,10,12,2
Wyatt,M,'waɪ ət,10,12,2
Antone,M,ɑn 'toʊ niː,010,12,3
Hellen,F,'hɛ lən,10,12,2
Zada,F,'zɑ də,10,12,2
Thelma,F,'θɛl mə,10,12,2
Sina,F,'si nʌ,10,12,2
Roma,F,'roʊ mə,10,12,2
Norah,F,'nɔː rə,10,12,2
Mame,F,'meɪm,1,12,1
Leone,F,liː 'oʊn,01,12,2
Lennie,F,'lɛ niː,10,12,2
Juana,F,'wɑ nʌ,10,12,2
Iris,F,'aɪ rəs,10,12,2
Imogene,F,'ɪ mə `ʤiːn,101,12,3
Wanda,F,'wɑn də,10,12,2
Hedwig,F,'hɛ dwɪg,10,12,2
Georgina,F,`ʤɔːr 'ʤiː nʌ,110,12,3
Gail,F,'geɪl,1,12,1
Fairy,F,'fɛ riː,10,12,2
Ethyl,F,'ɛ θəl,10,12,2
Elisa,F,ə 'liː sə,010,12,3
Bernadine,F,bɛː nʌ 'diːn,001,12,3
Dottie,F,'dɑ tiː,10,12,2
Celina,F,sə 'liː nʌ,010,12,3
Calla,F,'kæ lə,10,12,2
Lowell,M,'loʊ əl,10,11,2
Woodie,M,'wʊ diː,10,11,2
Lionel,M,'laɪ ə nəl,100,11,3
Mat,M,'mæt,1,11,1
June,M,'ʤuːn,1,11,1
Johnson,M,'ʤɑn sən,10,11,2
Jean,M,'ʤiːn,1,11,1
Evan,M,'ɛ vən,10,11,2
Emma,M,'ɛ mə,10,11,2
Elmore,M,'ɛl mɔːr,10,11,2
Elizabeth,M,ɪ 'lɪ zʌ bəθ,0100,11,4
Dennie,M,'dɛ niː,10,11,2
Coleman,M,'koʊl mən,10,11,2
Mathias,M,mə 'θaɪ əs,010,11,3
Wilburn,M,'wɪl bɛːn,10,11,2
Melville,M,'mɛl vɪl,10,11,2
Parker,M,'pɑr kɛː,10,11,2
Rollin,M,'rɑ lɪn,10,11,2
Rupert,M,'ruː pɛːt,10,11,2
Simpson,M,'sɪmp sən,10,11,2
Toney,M,'toʊ niː,10,11,2
Travis,M,'træ vɪs,10,11,2
Urban,M,'ɛː bən,10,11,2
Wash,M,'wɑʃ,1,11,1
Hamp,M,'hæmp,1,11,1
Ludwig,M,'lə dwɪg,10,11,2
Nella,F,'nɛ lə,10,11,2
Gretchen,F,'grɛ ʧən,10,11,2
Alicia,F,ə 'lɪ ʃə,010,11,3
Amalia,F,ə 'mɑl jʌ,010,11,3
Charlie,F,'ʧɑr liː,10,11,2
Corda,F,'kɔːr də,10,11,2
Dell,F,'dɛl,1,11,1
Delphine,F,dɛl 'fiː niː,010,11,3
Dolores,F,də 'lɔː rɪs,010,11,3
Edyth,F,'ɛ dɪθ,10,11,2
Elena,F,'ɛ lə nʌ,100,11,3
Edward,F,'ɛ dwɛːd,10,11,2
Huldah,F,'hʌl dʌ,10,11,2
Rosemary,F,'roʊz `mɛ riː,110,11,3
Jessica,F,'ʤɛ sɪ kə,100,11,3
Valeria,F,və 'liː riː ə,0100,11,4
Sabina,F,sə 'biː nʌ,010,11,3
Walter,F,'wɔːl tɛː,10,11,2
Millicent,F,'mɪ lɪ sɪnt,100,11,3
Madeleine,F,`mæ də 'lɛn,101,11,3
Loraine,F,lɛː 'eɪn,01,11,2
Ana,F,'ɑ nʌ,10,10,2
Alyce,F,'æ lɪs,10,10,2
Ace,M,'eɪs,1,10,1
Alice,M,'æ ləs,10,10,2
Aloysius,M,`æ loʊ 'ɪ ʃɪs,1010,10,4
Andres,M,'ɑn dreɪz,10,10,2
Asbury,M,'æz `bɛ riː,110,10,3
Aubrey,M,'ɔː briː,10,10,2
Auther,M,'ɔː θɛː,10,10,2
Barton,M,'bɑr tən,10,10,2
Basil,M,'bæ zəl,10,10,2
Eldridge,M,'ɛl `drɪʤ,11,10,2
Erastus,M,ɪ 'ræ stəs,010,10,3
Young,M,'jʌŋ,1,10,1
Whit,M,'wɪt,1,10,1
Terrence,M,'tɛ rəns,10,10,2
Ted,M,'tɛd,1,10,1
Sydney,M,'sɪd niː,10,10,2
Sumner,M,'səm nɛː,10,10,2
Sterling,M,'stɛː lɪŋ,10,10,2
Seymour,M,'siː mɔːr,10,10,2
Reese,M,'riːs,1,10,1
Pierre,M,piː 'ɛr,01,10,2
Paris,M,'pɛ rɪs,10,10,2
Otha,M,ə 'ðɑ,01,10,2
Obie,M,'oʊ biː,10,10,2
Noble,M,'noʊ bəl,10,10,2
Merton,M,'mɛː tən,10,10,2
Merritt,M,'mɛ rɪt,10,10,2
Maynard,M,'meɪ nɛːd,10,10,2
Mannie,M,'mæ niː,10,10,2
Lacy,M,'leɪ siː,10,10,2
Kirby,M,'kɛː biː,10,10,2
Jones,M,'ʤoʊnz,1,10,1
Isadore,M,ɪ sɑ 'dɔː reɪ,0010,10,4
Hermon,M,'hɛː mən,10,10,2
Godfrey,M,'gɑd friː,10,10,2
Gideon,M,'gɪ diː ən,100,10,3
Ferd,M,'fɛːd,1,10,1
Eric,M,'ɛ rɪk,10,10,2
Amie,F,'æ miː,10,10,2
Saul,M,'sɔːl,1,10,1
Annabell,F,'æ nʌ `bɛ,101,10,3
Mercedes,F,mɛː 'seɪ diːz,010,10,3
Ardella,F,`ɑr 'dɛ lə,110,10,3
Zenobia,F,zʌ 'noʊ biː ə,0100,10,4
Vella,F,'vɛ lə,10,10,2
Vannie,F,'væ niː,10,10,2
Thea,F,'θiː ə,10,10,2
Sidney,F,'sɪd niː,10,10,2
Selena,F,sə 'liː nʌ,010,10,3
Sada,F,'sɑ də,10,10,2
Robbie,F,'rɑ biː,10,10,2
Odelia,F,oʊ 'dɛ liː ə,0100,10,4
Nonie,F,'nɑ niː,10,10,2
Monica,F,'mɑ nɪ kə,100,10,3
Sofia,F,soʊ 'fiː ə,010,10,3
Lulie,F,'lə liː,10,10,2
Estell,F,'ɛ stəl,10,10,2
Leontine,F,lɛn 'tiː niː,010,10,3
Bernadette,F,bɛː nʌ 'dɛt,001,10,3
Claude,F,'klɔːd,1,10,1
Debbie,F,'dɛ biː,10,10,2
Elvina,F,ɛl 'viː nʌ,010,10,3
Deborah,F,'dɛ bɛː ə,100,10,3
Evangeline,F,ɪ 'væn ʤɪ `laɪn,0101,10,4
Florida,F,'flɔː rə də,100,10,3
Glennie,F,'glɛ niː,10,10,2
Jeanie,F,'ʤiː niː,10,10,2
Juliette,F,ʤuː liː 'ɛt,001,10,3
Linwood,M,'lɪn `wʊd,11,9,2
Hallie,M,'hɔː liː,10,9,2
Levy,M,'lɛ viː,10,9,2
Lenard,M,'lɛ nɛːd,10,9,2
Jordan,M,'ʤɔːr dən,10,9,2
Isham,M,'ɪ ʃəm,10,9,2
Hollis,M,'hɑ lɪs,10,9,2
Heber,M,'hiː bɛː,10,9,2
Edith,M,'iː dɪθ,10,9,2
Guss,M,'gəs,1,9,1
Gardner,M,'gɑrd nɛː,10,9,2
Fitzhugh,M,fɪts 'hjuː,01,9,2
Fernando,M,fɛː 'næn doʊ,010,9,3
Ellie,M,'ɛ liː,10,9,2
Eben,M,'ɛ bən,10,9,2
Clare,M,'klɛr,1,9,1
Bryant,M,'braɪ ənt,10,9,2
Lou,M,'luː,1,9,1
Llewellyn,M,`luː 'ɛ lɪn,110,9,3
Shedrick,M,'ʃɛ drɪk,10,9,2
Love,M,'lʌv,1,9,1
Mahlon,M,'mɑ lɑ,10,9,2
Woodson,M,'wʊd sən,10,9,2
Wheeler,M,'wiː lɛː,10,9,2
Verner,M,'vɛː nɛː,10,9,2
Vance,M,'væns,1,9,1
Tobe,M,'toʊb,1,9,1
Shelby,M,'ʃɛl biː,10,9,2
Beverly,M,'bɛ vɛː liː,100,9,3
Russel,M,'rə səl,10,9,2
Roswell,M,'rɑ swɛl,10,9,2
Roman,M,'roʊ mən,10,9,2
Quincy,M,'kwɪn siː,10,9,2
Orin,M,'ɔː rɪn,10,9,2
Oral,M,'ɔː rəl,10,9,2
Olin,M,'oʊ lɪn,10,9,2
Norris,M,'nɔː rɪs,10,9,2
Nat,M,'næt,1,9,1
Marcellus,M,mɑr 'sɛ ləs,010,9,3
Blake,M,'bleɪk,1,9,1
Lemon,M,'lɛ mən,10,9,2
Benton,M,'bɛn tən,10,9,2
Floyd,F,'flɔɪd,1,9,1
Tempie,F,'tɛm paɪ,10,9,2
Vennie,F,'vɛ ni,10,9,2
Villa,F,'vɪ lə,10,9,2
Winona,F,'wɪ nʌ nʌ,100,9,3
Zillah,F,'zɪ lə,10,9,2
Judy,F,'ʤuː diː,10,9,2
Janey,F,'ʤeɪ niː,10,9,2
Fred,F,'frɛd,1,9,1
Florrie,F,'flɔː riː,10,9,2
Susana,F,suː 'sɑ nʌ,010,9,3
Evelina,F,`ɛ vɛ 'liː nʌ,1010,9,4
Edwina,F,ɛ 'dwiː nʌ,010,9,3
Dorcas,F,'dɔːr kəs,10,9,2
Daisey,F,'deɪ siː,10,9,2
Aurora,F,ɛː 'ɔː rə,010,9,3
Arlie,F,'ɑr liː,10,9,2
Andrea,F,'æn driː ə,100,9,3
Bartley,M,'bɑrt liː,10,9,2
Sybil,F,'sɪ bɪl,10,9,2
Juliana,F,`ʤuː liː 'æ nʌ,1010,9,4
Selina,F,sə 'liː nʌ,010,9,3
Martina,F,mɑr 'tiː nʌ,010,9,3
Alvis,M,'ɑl vɪs,10,9,2
Roxanna,F,`rɑk 'sæ nʌ,110,9,3
Alphonso,M,æl 'fɑn soʊ,010,9,3
Alf,M,'ælf,1,9,1
Karen,F,'kɛ rən,10,9,2
Lala,F,'lɑ lə,10,9,2
Leana,F,'liː nʌ,10,9,2
Louis,F,'luː ɪs,10,9,2
Alois,M,ɑ 'lɔɪs,01,9,2
Media,F,'miː diː ə,100,9,3
Missie,F,'mɪ siː,10,9,2
Justina,F,juː 'stiː nʌ,010,9,3
Nathalie,F,'næ tʌ liː,100,9,3
Novella,F,noʊ 'vɛ lə,010,9,3
Rosy,F,'roʊ ziː,10,9,2
Minda,F,'mɪn də,10,9,2
Ottilie,F,'ɑ tʌ liː,100,9,3
Malachi,M,'mæ lʌ `kaɪ,101,8,3
Mervin,M,'mɛː vɪn,10,8,2
Melton,M,'mɛl tən,10,8,2
May,M,meɪ,0,8,1
Margaret,M,'mɑr gɛː ɪt,100,8,3
Lucas,M,'luː kəs,10,8,2
Lum,M,'ləm,1,8,1
Lucien,M,'luː siː ən,100,8,3
Leigh,M,'liː,1,8,1
Larkin,M,'lɑr kɪn,10,8,2
Justin,M,'ʤə stən,10,8,2
Myrtle,M,'mɛː təl,10,8,2
Minnie,M,'mɪ niː,10,8,2
Rubin,M,'ruː bɪn,10,8,2
Newell,M,'nuː əl,10,8,2
Newt,M,'nuːt,1,8,1
Nora,M,'nɔː rə,10,8,2
Percival,M,'pɛː sɪ vəl,100,8,3
Richmond,M,'rɪʧ mənd,10,8,2
Rolland,M,'rɑ lənd,10,8,2
Rube,M,'ruːb,1,8,1
Ida,M,'aɪ də,10,8,2
Sampson,M,'sæmp sən,10,8,2
Thaddeus,M,'θæ diː əs,100,8,3
Theo,M,'θiː oʊ,10,8,2
Waldo,M,'wɑl doʊ,10,8,2
Wellington,M,'wɛ lɪŋ tən,100,8,3
Winston,M,'wɪn stən,10,8,2
Jodie,M,'ʤoʊ diː,10,8,2
Ebb,M,'ɛb,1,8,1
Howell,M,'haʊ əl,10,8,2
Burley,M,'bɛː liː,10,8,2
Addie,M,'æ diː,10,8,2
Alcide,M,'æl `saɪd,11,8,2
Alden,M,'ɑl dən,10,8,2
Alfonso,M,`æl 'fɑn soʊ,110,8,3
Alpha,M,'æl fə,10,8,2
Alvah,M,æl 'vɑ,01,8,2
Anson,M,'æn sən,10,8,2
Art,M,'ɑrt,1,8,1
Bernie,M,'bɛː niː,10,8,2
Bertie,M,'bɛː tiː,10,8,2
Bertram,M,'bɛː trəm,10,8,2
Bishop,M,'bɪ ʃʌp,10,8,2
Caesar,M,'siː zɛː,10,8,2
Hilliard,M,'hɪl jɑrd,10,8,2
Carson,M,'kɑr sən,10,8,2
Cicero,M,'sɪ sɛː `oʊ,101,8,3
Cleo,M,'kliː oʊ,10,8,2
Cloyd,M,'klɔɪd,1,8,1
Dana,M,'deɪ nʌ,10,8,2
Dillard,M,'dɪ lɛːd,10,8,2
Egbert,M,'ɛg bɛːt,10,8,2
Ernst,M,'ɛːnst,1,8,1
Fate,M,'feɪt,1,8,1
Golden,M,'goʊl dən,10,8,2
Hayes,M,'heɪz,1,8,1
Helmer,M,'hɛl mɛː,10,8,2
Berton,M,'bɛː tən,10,8,2
Eleanore,F,'ɛ lə nɔːr,100,8,3
Elvie,F,'ɛl viː,10,8,2
Patricia,F,pə 'trɪ ʃə,010,8,3
Zena,F,'ziː nʌ,10,8,2
Zelda,F,'zɛl də,10,8,2
Vena,F,'viː nʌ,10,8,2
Veda,F,'veɪ də,10,8,2
Thomas,F,'tɑ məs,10,8,2
Theodora,F,`θiː ə 'dɔː rə,1010,8,4
Thekla,F,'θɛ klʌ,10,8,2
Sydney,F,'sɪd niː,10,8,2
Sigrid,F,'sɪ grɪd,10,8,2
Adela,F,ə 'dɛ lə,010,8,3
Sadye,F,'sæ daɪ,10,8,2
Rosey,F,'roʊ ziː,10,8,2
Richard,F,'rɪ ʧɛːd,10,8,2
Nevada,F,nʌ 'vɑ də,010,8,3
Libby,F,'lɪ biː,10,8,2
Melanie,F,'mɛ lə niː,100,8,3
Maida,F,'meɪ də,10,8,2
Magdalen,F,'mæg də lən,100,8,3
Loretto,F,lɔː 'rɛ toʊ,010,8,3
Lilah,F,'lɪ lə,10,8,2
Ermina,F,ɛː 'miː nʌ,010,8,3
Florine,F,flɔː 'riː niː,010,8,3
Guadalupe,F,`gwɑ də 'luːp,101,8,3
Henriette,F,`hɛn riː 'ɛt,101,8,3
Hertha,F,'hɛː θə,10,8,2
Janette,F,ʤə 'nɛt,01,8,2
Joseph,F,'ʤoʊ səf,10,8,2
Leo,F,'liː oʊ,10,8,2
Zola,F,'zoʊ lə,10,8,2
Leslie,F,'lɛ sliː,10,8,2
Dana,F,'deɪ nʌ,10,8,2
Billie,F,'bɪ liː,10,8,2
Earl,F,'ɛːl,1,8,1
Daisie,F,'deɪ si,10,8,2
Dagmar,F,'dæg `mɑr,11,8,2
Crystal,F,'krɪ stəl,10,8,2
Clytie,F,'klɪ tiː,10,8,2
Byrd,F,'bɛːd,1,8,1
Bird,F,'bɛːd,1,8,1
Clifford,F,'klɪ fɛːd,10,8,2
Beula,F,'buː lə,10,8,2
Arthur,F,'ɑr θɛː,10,8,2
Arline,F,'ɑr `laɪn,11,8,2
Arizona,F,`ɛ rɪ 'zoʊ nʌ,1010,8,4
Angelita,F,ɑŋ gɛ 'liː tʌ,0010,8,4
Albertina,F,ɑl bɛː 'tiː nʌ,0010,8,4
Augustine,F,'ɑ gə `stiːn,101,8,3
Adell,F,ə 'dɛl,01,8,2
Aileen,F,aɪ 'liːn,01,7,2
Paulina,F,`pɔː 'liː nʌ,110,7,3
Oda,F,'oʊ də,10,7,2
Abby,F,'æ biː,10,7,2
Ardelia,F,ɑr 'dɛ liː ə,0100,7,4
Allene,F,'æ `liːn,11,7,2
Amelie,F,æ 'mi li,010,7,3
Pennie,F,'pɛ niː,10,7,2
Penelope,F,pə 'nɛ lə piː,0100,7,4
Nita,F,'niː tʌ,10,7,2
Rella,F,'rɛ lə,10,7,2
Rosamond,F,'roʊ zʌ mənd,100,7,3
Sabra,F,'sɑ brə,10,7,2
Salome,F,sə 'loʊ miː,010,7,3
Silvia,F,'sɪl viː ə,100,7,3
Texas,F,'tɛk səs,10,7,2
Tula,F,'tuː lə,10,7,2
Myrtis,F,'mɪr tɪs,10,7,2
Atha,F,'æ θə,10,7,2
Aura,F,'ɔː rə,10,7,2
Becky,F,'bɛ kiː,10,7,2
Beda,F,'beɪ də,10,7,2
Katharina,F,`kæ θɛ 'riː nʌ,1010,7,4
Kattie,F,'kæ ti,10,7,2
Lassie,F,'læ siː,10,7,2
Laurel,F,'lɔː rəl,10,7,2
Laurie,F,'lɔː riː,10,7,2
Lea,F,'liː,1,7,1
Lethia,F,'lɛ θiː ə,100,7,3
Lexie,F,'lɛk siː,10,7,2
Lorraine,F,lɛː 'eɪn,01,7,2
Louisiana,F,luː `iː ziː 'æ nʌ,01010,7,5
Macy,F,'meɪ siː,10,7,2
Mannie,F,'mæ niː,10,7,2
Manuela,F,mæn 'weɪ lə,010,7,3
Maxie,F,'mæk siː,10,7,2
Miranda,F,mɛː 'æn də,010,7,3
Justine,F,ʤə 'stiːn,01,7,2
Judie,F,'ʤə diː,10,7,2
Jodie,F,'ʤoʊ diː,10,7,2
Dove,F,'dəv,1,7,1
Celestine,F,ʧɛ lɛ 'stiː niː,0010,7,4
Christiana,F,`krɪ stiː 'æ nʌ,1010,7,4
Clarinda,F,klɛː 'ɪn də,010,7,3
Delila,F,dɛ 'liː lə,010,7,3
Dillie,F,'dɪ liː,10,7,2
Dinah,F,'daɪ nʌ,10,7,2
Eldora,F,ɛl 'dɔː rə,010,7,3
Hetty,F,'hɛ tiː,10,7,2
Eller,F,'ɛ lɛː,10,7,2
Enola,F,ɪ 'noʊ lə,010,7,3
Erie,F,'ɪ riː,10,7,2
Ether,F,'iː θɛː,10,7,2
Eve,F,'iːv,1,7,1
Nova,F,'noʊ və,10,7,2
Florance,F,'flɔː rəns,10,7,2
Armand,M,'ɑr mənd,10,7,2
Ansel,M,ən 'sɛl,01,7,2
Merl,M,'mɛːl,1,7,1
Ola,M,'oʊ lə,10,7,2
Norwood,M,'nɔːr wʊd,10,7,2
Norbert,M,'nɔːr bɛːt,10,7,2
Nicolas,M,'nɪ kə ləs,100,7,3
Nehemiah,M,`niː ə 'maɪ ə,1010,7,4
Murphy,M,'mɛː fiː,10,7,2
Mont,M,'mɑnt,1,7,1
Martha,M,'mɑr θə,10,7,2
Hunter,M,'hən tɛː,10,7,2
Marshal,M,'mɑr ʃəl,10,7,2
Lew,M,'luː,1,7,1
Leopold,M,'liː ə `poʊld,101,7,3
Julia,M,'ʤuːl jʌ,10,7,2
Jules,M,'ʤuːlz,1,7,1
Jule,M,'ʤuːl,1,7,1
Jarvis,M,'ʤɑr vəs,10,7,2
Orange,M,'ɔː rʌnʤ,10,7,2
Orland,M,'ɔːr lənd,10,7,2
Pablo,M,'pɑ bloʊ,10,7,2
Parley,M,'pɑr liː,10,7,2
Woody,M,'wʊ diː,10,7,2
Wong,M,'wɔːŋ,1,7,1
Wirt,M,'wɛːt,1,7,1
Waverly,M,'weɪ vɛː liː,100,7,3
Tolbert,M,'toʊl bɛːt,10,7,2
Sylvan,M,'sɪl vən,10,7,2
Solon,M,'soʊ lən,10,7,2
Sebastian,M,sə 'bæs ʧən,010,7,3
Rush,M,'rəʃ,1,7,1
Rudy,M,'ruː diː,10,7,2
Reno,M,'riː noʊ,10,7,2
Rene,M,rə 'neɪ,01,7,2
Raphael,M,`rɑ faɪ 'ɛl,101,7,3
Randall,M,'ræn dəl,10,7,2
Pleas,M,'pliːz,1,7,1
Ignacio,M,ɪg 'nɑ siː oʊ,0100,7,4
Hubbard,M,'hə bɛːd,10,7,2
Antoine,M,ɑn 'twɑn,01,7,2
Billy,M,'bɪ liː,10,7,2
Clemens,M,'klɛ mənz,10,7,2
Carrie,M,'kɛ riː,10,7,2
Callie,M,'kɔː liː,10,7,2
Cal,M,'kæl,1,7,1
Byrd,M,'bɛːd,1,7,1
Buford,M,'bjuː fɛːd,10,7,2
Budd,M,'bʌd,1,7,1
Bart,M,'bɑrt,1,7,1
Hoyt,M,'hɔɪt,1,7,1
Bailey,M,'beɪ liː,10,7,2
Author,M,'ɔː θɛː,10,7,2
Asher,M,'æ ʃɛː,10,7,2
Arvid,M,'ɑr vɪd,10,7,2
Yetta,F,'jɛ tʌ,10,7,2
Arlington,M,'ɑr lɪŋ tən,100,7,3
Arlie,M,'ɑr liː,10,7,2
Colin,M,'koʊ lɪn,10,7,2
Denis,M,'dɛ nɪs,10,7,2
Dixie,M,'dɪk siː,10,7,2
Doctor,M,'dɑk tɛː,10,7,2
Hollie,M,'hɑ liː,10,7,2
Harvy,M,'hɑ vi,10,7,2
Harper,M,'hɑr pɛː,10,7,2
Hardie,M,'hɑr diː,10,7,2
Guadalupe,M,`gwɑ də 'luːp,101,7,3
Gregory,M,'grɛ gɛː iː,100,7,3
Graham,M,'greɪ əm,10,7,2
Gertrude,M,'gɛː truːd,10,7,2
Gary,M,'gɛ riː,10,7,2
Garnett,M,'gɑr nɪt,10,7,2
Finis,M,'fɪ ni,10,7,2
Elvis,M,'ɛl vɪs,10,7,2
Eldon,M,ɪl 'dɑn,01,7,2
Elder,M,'ɛl dɛː,10,7,2
Edna,M,'ɛd nʌ,10,7,2
Wilhelmine,F,'wɪl hɪl mɪn,100,7,3
Benedict,M,'bɛ nʌ `dɪkt,101,7,3
Flo,F,'floʊ,1,6,1
Finley,M,'fɪn liː,10,6,2
Doss,M,'dɔːs,1,6,1
Ella,M,'ɛ lə,10,6,2
Elsie,M,'ɛl siː,10,6,2
Elva,M,'ɛl və,10,6,2
Ethan,M,'iː θʌn,10,6,2
Ethel,M,'ɛ θəl,10,6,2
Evert,M,ɪ 'vɛːt,01,6,2
Ewald,M,'juː əld,10,6,2
Ferman,M,'fɛː mən,10,6,2
Fern,M,'fɛːn,1,6,1
Florian,M,'flɔː riː ən,100,6,3
Ada,M,'eɪ də,10,6,2
Ford,M,'fɔːrd,1,6,1
Fuller,M,'fʊ lɛː,10,6,2
Gail,M,'geɪl,1,6,1
Gaston,M,'gæ stən,10,6,2
Gay,M,'geɪ,1,6,1
Gorden,M,'gɔːr dən,10,6,2
Gussie,M,'gə siː,10,6,2
Ham,M,'hæm,1,6,1
Harve,M,'hɑrv,1,6,1
Hazel,M,'heɪ zəl,10,6,2
Dolph,M,'doʊlf,1,6,1
Fidelia,F,fɪ 'diːl jʌ,010,6,3
Dayton,M,'deɪ tən,10,6,2
Darius,M,dɛː 'aɪ əs,010,6,3
Almon,M,'ɑl mən,10,6,2
Alto,M,'æl toʊ,10,6,2
Augustin,M,aʊ guː 'stiːn,001,6,3
Avery,M,'eɪ vɛː iː,100,6,3
Ballard,M,'bæ lɛːd,10,6,2
Bennett,M,'bɛ nət,10,6,2
Birt,M,'bɛːt,1,6,1
Burr,M,'bɛː,1,6,1
Cash,M,'kæʃ,1,6,1
Charls,M,'ʧɑrlz,1,6,1
Chesley,M,'ʧɛ sliː,10,6,2
Cole,M,'koʊl,1,6,1
Colon,M,'koʊ lən,10,6,2
Colonel,M,'kɛː nəl,10,6,2
Commodore,M,'kɑ mə `dɔːr,101,6,3
Conley,M,'kɑn liː,10,6,2
Connie,M,'kɔː niː,10,6,2
Constantine,M,'kɑn stən `tiːn,101,6,3
Cooper,M,'kuː pɛː,10,6,2
Cora,M,'kɔː rə,10,6,2
Coy,M,'kɔɪ,1,6,1
Hector,M,'hɛk tɛː,10,6,2
Horatio,M,hɛː 'eɪ ʃoʊ,010,6,3
Ignatius,M,ɪg 'neɪ ʃəs,010,6,3
Okey,M,'oʊ kiː,10,6,2
Orren,M,'ɔː rən,10,6,2
Osborne,M,'ɔːz `bɔːrn,11,6,2
Pinkney,M,'pɪŋk niː,10,6,2
Pratt,M,'præt,1,6,1
Press,M,'prɛs,1,6,1
Reid,M,'riːd,1,6,1
Rich,M,'rɪʧ,1,6,1
Roby,M,'roʊ biː,10,6,2
Rollo,M,'rɑ loʊ,10,6,2
Rose,M,'roʊz,1,6,1
Rowland,M,'roʊ lənd,10,6,2
Ruffin,M,'rə fɪn,10,6,2
Rutherford,M,'rə θɛː fɛːd,100,6,3
Sanders,M,'sæn dɛːz,10,6,2
Sarah,M,'sɛ rə,10,6,2
Shelton,M,'ʃɛl tən,10,6,2
Squire,M,'skwaɪr,1,6,1
Vince,M,'vɪns,1,6,1
Vivian,M,'vɪ viː ən,100,6,3
Wayland,M,'weɪ lənd,10,6,2
Wells,M,'wɛlz,1,6,1
Oran,M,ɔː 'rɑn,01,6,2
Noel,M,noʊ 'ɛl,01,6,2
Jens,M,'ʤɛnz,1,6,1
Morton,M,'mɔːr tən,10,6,2
Joaquin,M,`wɑ 'kiːn,11,6,2
Josephus,M,ʤoʊ 'siː fəs,010,6,3
Kelley,M,'kɛ liː,10,6,2
Knute,M,'nuːt,1,6,1
Lacey,M,'leɪ siː,10,6,2
Laurie,M,'lɔː riː,10,6,2
Len,M,'lɛn,1,6,1
Lillie,M,'lɪ liː,10,6,2
Lincoln,M,'lɪŋ kən,10,6,2
Linton,M,'lɪn tən,10,6,2
Loney,M,'loʊ niː,10,6,2
Lorenza,M,lɔː 'rɛn zʌ,010,6,3
Lovell,M,'lə vəl,10,6,2
Lovett,M,'lə vɪt,10,6,2
Loy,M,'lɔɪ,1,6,1
Mabel,M,'meɪ bəl,10,6,2
Malvin,M,'mæl vɪn,10,6,2
Manford,M,'mæn fɛːd,10,6,2
Manson,M,'mæn sən,10,6,2
Maxwell,M,'mæk `swɛl,11,6,2
Mills,M,'mɪlz,1,6,1
Algie,M,'ɔːl giː,10,6,2
Delmer,M,'dɛl mɛː,10,6,2
Icy,F,'aɪ siː,10,6,2
Mercy,F,'mɛː siː,10,6,2
Olla,F,'ɑ lʌ,10,6,2
Neoma,F,neɪ 'oʊ mə,010,6,3
Nelia,F,'nɛ liː ə,100,6,3
Naoma,F,nɑ 'oʊ mə,010,6,3
Nanie,F,'næ ni,10,6,2
Nana,F,'næ nʌ,10,6,2
Myrtice,F,'mɪr tɪs,10,6,2
Mozelle,F,mə 'zɛl,01,6,2
Montie,F,'mɑn tiː,10,6,2
Martie,F,'mɑr tiː,10,6,2
Orlena,F,'ɔːr lɪ nʌ,100,6,3
Marina,F,mɛː 'iː nʌ,010,6,3
Margaretta,F,`mɑ ɡʌ 'ɹɛ tʌ,1010,6,4
Margarete,F,'mɑr gɛː `iːt,101,6,3
Maranda,F,mɛː 'æn də,010,6,3
Malena,F,'mæ lɪ nʌ,100,6,3
Luisa,F,luː 'iː zʌ,010,6,3
Lu,F,'luː,1,6,1
Loma,F,'loʊ mə,10,6,2
Lisa,F,'liː sə,10,6,2
Oral,F,'ɔː rəl,10,6,2
Paul,F,'pɔːl,1,6,1
Lear,F,'lɪr,1,6,1
Sylvania,F,sɪl 'veɪ niː ə,0100,6,4
Zilla,F,'zɪ lə,10,6,2
Yvonne,F,ɪ 'vɑn,01,6,2
Will,F,wɪl,0,6,1
Wilhemina,F,'wɪl hɛ 'miː nʌ,1010,6,4
Trudie,F,'truː diː,10,6,2
Tom,F,'tɑm,1,6,1
Tiny,F,'taɪ niː,10,6,2
Tiney,F,'taɪ ni,10,6,2
Tabitha,F,'tæ bɪ θə,100,6,3
Sylva,F,'sɪl və,10,6,2
Pelagia,F,pɛ 'lɑ ʤə,010,6,3
Sybilla,F,sɪ 'bɪ lə,010,6,3
Suzanne,F,suː 'zæn,01,6,2
Susanne,F,`suː 'zæn,11,6,2
Sister,F,'sɪ stɛː,10,6,2
Sammie,F,'sæ miː,10,6,2
Salina,F,sə 'liː nʌ,010,6,3
Roxy,F,'rɑk siː,10,6,2
Portia,F,'pɔːr ʃə,10,6,2
Percy,F,'pɛː siː,10,6,2
Levie,F,'liː viː,10,6,2
Lester,F,'lɛ stɛː,10,6,2
Cara,F,'kɛ rə,10,6,2
Frederica,F,`frɛ dɛː 'iː kə,1010,6,4
Emogene,F,'ɛ mə giːn,100,6,3
Eloisa,F,ɛ 'lɔɪ sə,010,6,3
Delta,F,'dɛl tʌ,10,6,2
Daphne,F,'dæf niː,10,6,2
Clemence,F,'klɛ məns,10,6,2
Claudine,F,klɔː 'diːn,01,6,2
Carl,F,'kɑrl,1,6,1
Laverne,F,lə 'vɛːn,01,6,2
Cammie,F,'kæ miː,10,6,2
Buena,F,'buː nʌ,10,6,2
Bina,F,'biː nʌ,10,6,2
Arabella,F,`æ rə 'bɛ lə,1010,6,4
Aggie,F,'æ giː,10,6,2
Freddie,F,'frɛ diː,10,6,2
Albert,F,'æl bɛːt,10,6,2
Glenn,F,'glɛn,1,6,1
Jennette,F,ʒɪ 'nɛt,01,6,2
Lalla,F,'læ lə,10,6,2
Lacy,F,'leɪ siː,10,6,2
Kay,F,'keɪ,1,6,1
Gwendolyn,F,'gwɛn də lɪn,100,6,3
Joy,F,'ʤɔɪ,1,6,1
Jesse,F,'ʤɛ siː,10,6,2
Katy,F,'keɪ tiː,10,6,2
Icie,F,'aɪ si,10,6,2
Hollie,F,'hɑ liː,10,6,2
Hermina,F,'hɛː mɪ nʌ,100,6,3
Helma,F,'hɛl mə,10,6,2
Courtland,M,'kɔːrt lænd,10,5,2
Bruno,M,'bruː noʊ,10,5,2
Collins,M,'kɑ lɪnz,10,5,2
Bernhard,M,'bɛːn hɑrd,10,5,2
Bertrand,M,'bɛː trənd,10,5,2
Bessie,M,'bɛ siː,10,5,2
Boston,M,'bɑ stən,10,5,2
Britt,M,'brɪt,1,5,1
Brooks,M,'brʊks,1,5,1
Bedford,M,'bɛd fɛːd,10,5,2
Bryan,M,'braɪ ən,10,5,2
Burns,M,'bɛːnz,1,5,1
Calhoun,M,kæl 'huːn,01,5,2
Carey,M,'kɛ riː,10,5,2
Chin,M,'ʧɪn,1,5,1
Christy,M,'krɪ stiː,10,5,2
Claire,M,'klɛr,1,5,1
Colbert,M,'koʊl bɛːt,10,5,2
Craig,M,'kreɪg,1,5,1
Curt,M,'kɛːt,1,5,1
Daisy,M,'deɪ ziː,10,5,2
Darrell,M,'dɛ rəl,10,5,2
Santiago,M,`sæn tiː 'ɑ goʊ,1010,5,4
Ruby,M,'ruː biː,10,5,2
Rogers,M,'rɑ ʤɛːz,10,5,2
Roderick,M,'rɑ drɪk,10,5,2
Reed,M,'riːd,1,5,1
Ras,M,'ræs,1,5,1
Quince,M,'kwɪns,1,5,1
Presley,M,'prɛ sliː,10,5,2
Patsy,M,'pæt siː,10,5,2
Ovid,M,'əʊ vɪ,10,5,2
Orson,M,'ɔːr sən,10,5,2
Orion,M,oʊ 'raɪ ən,010,5,3
Olden,M,'oʊl dən,10,5,2
Ode,M,'oʊd,1,5,1
Nolan,M,'noʊ lən,10,5,2
Nellie,M,'nɛ liː,10,5,2
Moody,M,'muː diː,10,5,2
Montie,M,'mɑn tiː,10,5,2
Merrill,M,'mɛ rəl,10,5,2
Maud,M,'mɔːd,1,5,1
Mattie,M,'mæ tiː,10,5,2
Schuyler,M,'skaɪ lɛː,10,5,2
Sheldon,M,'ʃɛl dən,10,5,2
Shelly,M,'ʃɛ liː,10,5,2
Webb,M,'wɛb,1,5,1
Xavier,M,'zeɪ vjɛː,10,5,2
Wright,M,'raɪt,1,5,1
Worth,M,'wɛːθ,1,5,1
Wood,M,'wʊd,1,5,1
Winthrop,M,'wɪn θrəp,10,5,2
Winnie,M,'wɪ niː,10,5,2
Wilton,M,'wɪl tən,10,5,2
Wes,M,'wɛs,1,5,1
Weldon,M,'wɛl dən,10,5,2
Watson,M,'wɑt sən,10,5,2
Shepherd,M,'ʃɛ pɛːd,10,5,2
Vergil,M,'vɛː ʤəl,10,5,2
Val,M,'væl,1,5,1
Tobie,M,'toʊ biː,10,5,2
Titus,M,'taɪ təs,10,5,2
Talmadge,M,'tæl mæʤ,10,5,2
Sullivan,M,'sə lə vən,100,5,3
Starling,M,'stɑr lɪŋ,10,5,2
Snowden,M,'snoʊ dən,10,5,2
Sigmund,M,'sɪg mənd,10,5,2
Marian,M,'mɛ riː ən,100,5,3
Manning,M,'mæ nɪŋ,10,5,2
Mac,M,'mæk,1,5,1
Emilio,M,ə 'miː liː oʊ,0100,5,4
Harland,M,'hɑr lənd,10,5,2
Grafton,M,'græf tən,10,5,2
Gottlieb,M,'gɑt `liːb,11,5,2
Gibson,M,'gɪb sən,10,5,2
Gerard,M,ʤɛː 'ɑrd,01,5,2
Garry,M,'gæ riː,10,5,2
French,M,'frɛnʧ,1,5,1
Ernie,M,'ɛː niː,10,5,2
Erick,M,'ɛ rɪk,10,5,2
Ely,M,'iː laɪ,10,5,2
Harrie,M,'hæ ɹi,10,5,2
Elroy,M,ɪl 'rɔɪ,01,5,2
Elliot,M,'ɛ liː ət,100,5,3
Elgin,M,'ɛl ʤɪn,10,5,2
Elam,M,'ɛ ləm,10,5,2
Eddy,M,'ɛ diː,10,5,2
Eber,M,'ɛ bɛː,10,5,2
Duke,M,'duːk,1,5,1
Dempsey,M,'dɛmp siː,10,5,2
Delmar,M,'dɛl mɛː,10,5,2
Harlin,M,'hɑr lɪn,10,5,2
Hattie,M,'hæ tiː,10,5,2
Loring,M,'lɔː rɪŋ,10,5,2
Landon,M,'læn dən,10,5,2
London,M,'lən dən,10,5,2
Lofton,M,'lɑf tən,10,5,2
Lisle,M,'laɪ əl,10,5,2
Lindsay,M,'lɪnd ziː,10,5,2
Lela,M,'liː lə,10,5,2
Lazarus,M,'læ zɛː əs,100,5,3
Laura,M,'lɔː rə,10,5,2
Lars,M,'lɑrz,1,5,1
Lark,M,'lɑrk,1,5,1
Lambert,M,'læm bɛːt,10,5,2
Hervey,M,hɛː 'veɪ,01,5,2
Laban,M,'leɪ bən,10,5,2
Jeptha,M,'dʒɛp θʌ,10,5,2
Ivey,M,'aɪ viː,10,5,2
Iva,M,'iː və,10,5,2
Isidore,M,'ɪ zɪ `dɔːr,101,5,3
Hurley,M,'hɛː liː,10,5,2
Huey,M,'hjuː iː,10,5,2
Hosey,M,'hoʊ ziː,10,5,2
Hilton,M,'hɪl tən,10,5,2
Beecher,M,'biː ʧɛː,10,5,2
Corinna,F,`kɔː 'rɪ nʌ,110,5,3
Barrett,M,'bæ rɪt,10,5,2
Mahalia,F,mə 'hæ liː ə,0100,5,4
Jonnie,F,'dʒɑ ni,10,5,2
Jule,F,'ʤuːl,1,5,1
Laure,F,'lɔːr,1,5,1
Leonore,F,'liː ə nɔːr,100,5,3
Letty,F,'lɛ tiː,10,5,2
Lilia,F,'liː liː ə,100,5,3
Liller,F,'lɪ lɛː,10,5,2
Lissie,F,'lɪ siː,10,5,2
Lorene,F,lɔː 'riːn,01,5,2
Louanna,F,laʊ 'ɑ nʌ,010,5,3
Luz,F,'ləz,1,5,1
Lynn,F,'lɪn,1,5,1
Maie,F,'meɪ ʌ,10,5,2
Oscar,F,'ɔː skɛː,10,5,2
Marianne,F,`mɛ riː 'æn,101,5,3
Massie,F,'mæ siː,10,5,2
Mena,F,'miː nʌ,10,5,2
Merta,F,'mɛr tʌ,10,5,2
Milly,F,'mɪ liː,10,5,2
Nanny,F,'næ niː,10,5,2
Nattie,F,'næ tiː,10,5,2
Nealy,F,'niː liː,10,5,2
Nelly,F,'nɛ liː,10,5,2
Netta,F,'nɛ tʌ,10,5,2
Nolie,F,'nɑ liː,10,5,2
Olivette,F,'ɑ lɪ 'vɛt,101,5,3
Johnie,F,'ʤɑ niː,10,5,2
Jeannie,F,'ʤiː niː,10,5,2
Ivory,F,'aɪ vɛː iː,100,5,3
Honora,F,ɔː 'nɔː rə,010,5,3
Donia,F,'doʊ niː ə,100,5,3
Dot,F,'dɑt,1,5,1
Elaine,F,ɪ 'leɪn,01,5,2
Elfie,F,'ɛl fiː,10,5,2
Elfrieda,F,ɛl 'friː də,010,5,3
Else,F,'ɛls,1,5,1
Emmaline,F,ɛ mɑ 'liː niː,0010,5,4
Ena,F,'ɛ nʌ,10,5,2
Enna,F,ɛ 'næ,01,5,2
Ernest,F,'ɛː nəst,10,5,2
Etter,F,'ɛ tɛː,10,5,2
Eudora,F,juː 'dɔː rə,010,5,3
Eugene,F,juː 'ʤiːn,01,5,2
Euphemia,F,juː 'fiː miː ə,0100,5,4
Eveline,F,'ɛ və lɪn,100,5,3
Filomena,F,`fɪ lə 'miː nʌ,1010,5,4
Francies,F,frən 'siːz,01,5,2
Fredericka,F,freɪ dɛ 'riː kə,0010,5,4
Garnet,F,'gɑr nət,10,5,2
Gay,F,'geɪ,1,5,1
Georgine,F,`ʤɔːr 'ʤiːn,11,5,2
Gina,F,'ʤiː nʌ,10,5,2
Gracia,F,'grɑ ʧə,10,5,2
Greta,F,'griː tʌ,10,5,2
Hermine,F,'hɛː mɪn,10,5,2
Orra,F,'ɑ ɹʌ,10,5,2
Peggie,F,'pɛ giː,10,5,2
Augusta,M,ə 'gə stə,010,5,3
Acey,M,'eɪ siː,10,5,2
Biddie,F,'bɪ diː,10,5,2
Bee,F,'biː,1,5,1
Beckie,F,'bɛ kiː,10,5,2
Bea,F,'biː,1,5,1
Arlena,F,'ɑr lɪ nʌ,100,5,3
Arah,F,'æ ɹʌ,10,5,2
Andrew,F,'æn druː,10,5,2
Amey,F,'eɪ miː,10,5,2
Amalie,F,'æ mə liː,100,5,3
Albertine,F,'æl bɛː `tiːn,101,5,3
Aida,F,aɪ 'iː də,010,5,3
Delma,F,'dɛl mə,10,5,2
Adelbert,M,ə 'dɛl bɛːt,010,5,3
Perle,F,'pɛːl,1,5,1
Alan,M,'æ lən,10,5,2
Alberto,M,æl 'bɛː toʊ,010,5,3
Alec,M,'æ lɪk,10,5,2
Alger,M,'æl ʤɛː,10,5,2
Algernon,M,'æl ʤɛː nɑn,100,5,3
Allison,M,'æ lə sən,100,5,3
Alma,M,'æl mə,10,5,2
Alpheus,M,'æl fɪ ʌ,100,5,3
Amasa,M,'æ mə sə,100,5,3
Annie,M,'æ niː,10,5,2
Arden,M,'ɑr dən,10,5,2
Arley,M,'ɑr liː,10,5,2
Bobbie,F,'bɑ biː,10,5,2
Carlotta,F,kɑr 'lɔː tʌ,010,5,3
Carmelite,F,'kɑr mə `laɪt,101,5,3
Chaney,F,'ʧeɪ niː,10,5,2
Pink,F,'pɪŋk,1,5,1
Pinkey,F,'pɪŋ kɪ,10,5,2
Pleasant,F,'plɛ zənt,10,5,2
Pluma,F,'plʉː mʌ,10,5,2
Reta,F,'rɛ tʌ,10,5,2
Rosalee,F,`roʊ sə 'liː,101,5,3
Rosalia,F,roʊ zʌ 'liː ə,0010,5,4
Roxana,F,rɑk 'sæ nʌ,010,5,3
Roy,F,'rɔɪ,1,5,1
Santos,F,'sæn toʊs,10,5,2
Susannah,F,`suː 'sæ nʌ,110,5,3
Theda,F,'θiː də,10,5,2
Tonie,F,'toʊ niː,10,5,2
Tracy,F,'treɪ siː,10,5,2
Trella,F,'trɛ lə,10,5,2
Unknown,F,ən 'noʊn,01,5,2
Verona,F,vɛː 'oʊ nʌ,010,5,3
Versa,F,'vɛː sə,10,5,2
Violette,F,`viː oʊ 'lɛt,101,5,3
Corina,F,`kɔː 'riː nʌ,110,5,3
Concepcion,F,kən `sɛp siː 'oʊn,0101,5,4
Cloe,F,'kloʊ,1,5,1
Cindy,F,'sɪn diː,10,5,2
Christie,F,'krɪ stiː,10,5,2
Christian,F,'krɪs ʧən,10,5,2
Yancy,M,'jæn siː,10,5,2
